File,Database_Code,Category
ClathrateI_all_CollCode423637.cif,ICSD 423637,12g-16i-24k
ClathrateI_all_CollCode423638.cif,ICSD 423638,12g-16i-24k
ClathrateI_all_CollCode416531.cif,ICSD 416531,24k-48l
ClathrateI_all_CollCode423639.cif,ICSD 423639,24k-48l
ClathrateI_all_CollCode423640.cif,ICSD 423640,24k-48l
Ca-B-C-clatI-2338100-corr.cif,depnum_ccdc_archive CCDC 2338100,6c-16i-24k
ClathrateI_all_CollCode100103.cif,ICSD 100103,6c-16i-24k
ClathrateI_all_CollCode120108.cif,ICSD 120108,6c-16i-24k
ClathrateI_all_CollCode120109.cif,ICSD 120109,6c-16i-24k
ClathrateI_all_CollCode120110.cif,ICSD 120110,6c-16i-24k
ClathrateI_all_CollCode120345.cif,ICSD 120345,6c-16i-24k
ClathrateI_all_CollCode120346.cif,ICSD 120346,6c-16i-24k
ClathrateI_all_CollCode121776.cif,ICSD 121776,6c-16i-24k
ClathrateI_all_CollCode125336.cif,ICSD 125336,6c-16i-24k
ClathrateI_all_CollCode125337.cif,ICSD 125337,6c-16i-24k
ClathrateI_all_CollCode125582.cif,ICSD 125582,6c-16i-24k
ClathrateI_all_CollCode127828.cif,ICSD 127828,6c-16i-24k
ClathrateI_all_CollCode127829.cif,ICSD 127829,6c-16i-24k
ClathrateI_all_CollCode129924.cif,ICSD 129924,6c-16i-24k
ClathrateI_all_CollCode134509.cif,ICSD 134509,6c-16i-24k
ClathrateI_all_CollCode144958.cif,ICSD 144958,6c-16i-24k
ClathrateI_all_CollCode151768.cif,ICSD 151768,6c-16i-24k
ClathrateI_all_CollCode151769.cif,ICSD 151769,6c-16i-24k
ClathrateI_all_CollCode151770.cif,ICSD 151770,6c-16i-24k
ClathrateI_all_CollCode153099.cif,ICSD 153099,6c-16i-24k
ClathrateI_all_CollCode153685.cif,ICSD 153685,6c-16i-24k
ClathrateI_all_CollCode153686.cif,ICSD 153686,6c-16i-24k
ClathrateI_all_CollCode153687.cif,ICSD 153687,6c-16i-24k
ClathrateI_all_CollCode153688.cif,ICSD 153688,6c-16i-24k
ClathrateI_all_CollCode153714.cif,ICSD 153714,6c-16i-24k
ClathrateI_all_CollCode153715.cif,ICSD 153715,6c-16i-24k
ClathrateI_all_CollCode153716.cif,ICSD 153716,6c-16i-24k
ClathrateI_all_CollCode153717.cif,ICSD 153717,6c-16i-24k
ClathrateI_all_CollCode153718.cif,ICSD 153718,6c-16i-24k
ClathrateI_all_CollCode153719.cif,ICSD 153719,6c-16i-24k
ClathrateI_all_CollCode153720.cif,ICSD 153720,6c-16i-24k
ClathrateI_all_CollCode153721.cif,ICSD 153721,6c-16i-24k
ClathrateI_all_CollCode153722.cif,ICSD 153722,6c-16i-24k
ClathrateI_all_CollCode153723.cif,ICSD 153723,6c-16i-24k
ClathrateI_all_CollCode153724.cif,ICSD 153724,6c-16i-24k
ClathrateI_all_CollCode153725.cif,ICSD 153725,6c-16i-24k
ClathrateI_all_CollCode153726.cif,ICSD 153726,6c-16i-24k
ClathrateI_all_CollCode153727.cif,ICSD 153727,6c-16i-24k
ClathrateI_all_CollCode153728.cif,ICSD 153728,6c-16i-24k
ClathrateI_all_CollCode153729.cif,ICSD 153729,6c-16i-24k
ClathrateI_all_CollCode153730.cif,ICSD 153730,6c-16i-24k
ClathrateI_all_CollCode153731.cif,ICSD 153731,6c-16i-24k
ClathrateI_all_CollCode153732.cif,ICSD 153732,6c-16i-24k
ClathrateI_all_CollCode153733.cif,ICSD 153733,6c-16i-24k
ClathrateI_all_CollCode153734.cif,ICSD 153734,6c-16i-24k
ClathrateI_all_CollCode153735.cif,ICSD 153735,6c-16i-24k
ClathrateI_all_CollCode153736.cif,ICSD 153736,6c-16i-24k
ClathrateI_all_CollCode153737.cif,ICSD 153737,6c-16i-24k
ClathrateI_all_CollCode153738.cif,ICSD 153738,6c-16i-24k
ClathrateI_all_CollCode153739.cif,ICSD 153739,6c-16i-24k
ClathrateI_all_CollCode153740.cif,ICSD 153740,6c-16i-24k
ClathrateI_all_CollCode153741.cif,ICSD 153741,6c-16i-24k
ClathrateI_all_CollCode153742.cif,ICSD 153742,6c-16i-24k
ClathrateI_all_CollCode153743.cif,ICSD 153743,6c-16i-24k
ClathrateI_all_CollCode153744.cif,ICSD 153744,6c-16i-24k
ClathrateI_all_CollCode153745.cif,ICSD 153745,6c-16i-24k
ClathrateI_all_CollCode153746.cif,ICSD 153746,6c-16i-24k
ClathrateI_all_CollCode153747.cif,ICSD 153747,6c-16i-24k
ClathrateI_all_CollCode153748.cif,ICSD 153748,6c-16i-24k
ClathrateI_all_CollCode153749.cif,ICSD 153749,6c-16i-24k
ClathrateI_all_CollCode153750.cif,ICSD 153750,6c-16i-24k
ClathrateI_all_CollCode153751.cif,ICSD 153751,6c-16i-24k
ClathrateI_all_CollCode153752.cif,ICSD 153752,6c-16i-24k
ClathrateI_all_CollCode153753.cif,ICSD 153753,6c-16i-24k
ClathrateI_all_CollCode153754.cif,ICSD 153754,6c-16i-24k
ClathrateI_all_CollCode153755.cif,ICSD 153755,6c-16i-24k
ClathrateI_all_CollCode153756.cif,ICSD 153756,6c-16i-24k
ClathrateI_all_CollCode153757.cif,ICSD 153757,6c-16i-24k
ClathrateI_all_CollCode153758.cif,ICSD 153758,6c-16i-24k
ClathrateI_all_CollCode153759.cif,ICSD 153759,6c-16i-24k
ClathrateI_all_CollCode153760.cif,ICSD 153760,6c-16i-24k
ClathrateI_all_CollCode153761.cif,ICSD 153761,6c-16i-24k
ClathrateI_all_CollCode153762.cif,ICSD 153762,6c-16i-24k
ClathrateI_all_CollCode153763.cif,ICSD 153763,6c-16i-24k
ClathrateI_all_CollCode15641.cif,ICSD 15641,6c-16i-24k
ClathrateI_all_CollCode156983.cif,ICSD 156983,6c-16i-24k
ClathrateI_all_CollCode156984.cif,ICSD 156984,6c-16i-24k
ClathrateI_all_CollCode156985.cif,ICSD 156985,6c-16i-24k
ClathrateI_all_CollCode156986.cif,ICSD 156986,6c-16i-24k
ClathrateI_all_CollCode162161.cif,ICSD 162161,6c-16i-24k
ClathrateI_all_CollCode162162.cif,ICSD 162162,6c-16i-24k
ClathrateI_all_CollCode162163.cif,ICSD 162163,6c-16i-24k
ClathrateI_all_CollCode162164.cif,ICSD 162164,6c-16i-24k
ClathrateI_all_CollCode162167.cif,ICSD 162167,6c-16i-24k
ClathrateI_all_CollCode162168.cif,ICSD 162168,6c-16i-24k
ClathrateI_all_CollCode162169.cif,ICSD 162169,6c-16i-24k
ClathrateI_all_CollCode162170.cif,ICSD 162170,6c-16i-24k
ClathrateI_all_CollCode162171.cif,ICSD 162171,6c-16i-24k
ClathrateI_all_CollCode162606.cif,ICSD 162606,6c-16i-24k
ClathrateI_all_CollCode162929.cif,ICSD 162929,6c-16i-24k
ClathrateI_all_CollCode163423.cif,ICSD 163423,6c-16i-24k
ClathrateI_all_CollCode163936.cif,ICSD 163936,6c-16i-24k
ClathrateI_all_CollCode165179.cif,ICSD 165179,6c-16i-24k
ClathrateI_all_CollCode165369.cif,ICSD 165369,6c-16i-24k
ClathrateI_all_CollCode165370.cif,ICSD 165370,6c-16i-24k
ClathrateI_all_CollCode165803.cif,ICSD 165803,6c-16i-24k
ClathrateI_all_CollCode167810.cif,ICSD 167810,6c-16i-24k
ClathrateI_all_CollCode168734.cif,ICSD 168734,6c-16i-24k
ClathrateI_all_CollCode170289.cif,ICSD 170289,6c-16i-24k
ClathrateI_all_CollCode170290.cif,ICSD 170290,6c-16i-24k
ClathrateI_all_CollCode170291.cif,ICSD 170291,6c-16i-24k
ClathrateI_all_CollCode170292.cif,ICSD 170292,6c-16i-24k
ClathrateI_all_CollCode170293.cif,ICSD 170293,6c-16i-24k
ClathrateI_all_CollCode170294.cif,ICSD 170294,6c-16i-24k
ClathrateI_all_CollCode170295.cif,ICSD 170295,6c-16i-24k
ClathrateI_all_CollCode170296.cif,ICSD 170296,6c-16i-24k
ClathrateI_all_CollCode170297.cif,ICSD 170297,6c-16i-24k
ClathrateI_all_CollCode170298.cif,ICSD 170298,6c-16i-24k
ClathrateI_all_CollCode170299.cif,ICSD 170299,6c-16i-24k
ClathrateI_all_CollCode170300.cif,ICSD 170300,6c-16i-24k
ClathrateI_all_CollCode170301.cif,ICSD 170301,6c-16i-24k
ClathrateI_all_CollCode170302.cif,ICSD 170302,6c-16i-24k
ClathrateI_all_CollCode170303.cif,ICSD 170303,6c-16i-24k
ClathrateI_all_CollCode170304.cif,ICSD 170304,6c-16i-24k
ClathrateI_all_CollCode171237.cif,ICSD 171237,6c-16i-24k
ClathrateI_all_CollCode171241.cif,ICSD 171241,6c-16i-24k
ClathrateI_all_CollCode172829.cif,ICSD 172829,6c-16i-24k
ClathrateI_all_CollCode172830.cif,ICSD 172830,6c-16i-24k
ClathrateI_all_CollCode172831.cif,ICSD 172831,6c-16i-24k
ClathrateI_all_CollCode172832.cif,ICSD 172832,6c-16i-24k
ClathrateI_all_CollCode172833.cif,ICSD 172833,6c-16i-24k
ClathrateI_all_CollCode172834.cif,ICSD 172834,6c-16i-24k
ClathrateI_all_CollCode172835.cif,ICSD 172835,6c-16i-24k
ClathrateI_all_CollCode172836.cif,ICSD 172836,6c-16i-24k
ClathrateI_all_CollCode172837.cif,ICSD 172837,6c-16i-24k
ClathrateI_all_CollCode172838.cif,ICSD 172838,6c-16i-24k
ClathrateI_all_CollCode172839.cif,ICSD 172839,6c-16i-24k
ClathrateI_all_CollCode172840.cif,ICSD 172840,6c-16i-24k
ClathrateI_all_CollCode172841.cif,ICSD 172841,6c-16i-24k
ClathrateI_all_CollCode172842.cif,ICSD 172842,6c-16i-24k
ClathrateI_all_CollCode172843.cif,ICSD 172843,6c-16i-24k
ClathrateI_all_CollCode173169.cif,ICSD 173169,6c-16i-24k
ClathrateI_all_CollCode173170.cif,ICSD 173170,6c-16i-24k
ClathrateI_all_CollCode17347.cif,ICSD 17347,6c-16i-24k
ClathrateI_all_CollCode184034.cif,ICSD 184034,6c-16i-24k
ClathrateI_all_CollCode184701.cif,ICSD 184701,6c-16i-24k
ClathrateI_all_CollCode184702.cif,ICSD 184702,6c-16i-24k
ClathrateI_all_CollCode184703.cif,ICSD 184703,6c-16i-24k
ClathrateI_all_CollCode184704.cif,ICSD 184704,6c-16i-24k
ClathrateI_all_CollCode184705.cif,ICSD 184705,6c-16i-24k
ClathrateI_all_CollCode184706.cif,ICSD 184706,6c-16i-24k
ClathrateI_all_CollCode184707.cif,ICSD 184707,6c-16i-24k
ClathrateI_all_CollCode186954.cif,ICSD 186954,6c-16i-24k
ClathrateI_all_CollCode189532.cif,ICSD 189532,6c-16i-24k
ClathrateI_all_CollCode189533.cif,ICSD 189533,6c-16i-24k
ClathrateI_all_CollCode189534.cif,ICSD 189534,6c-16i-24k
ClathrateI_all_CollCode189535.cif,ICSD 189535,6c-16i-24k
ClathrateI_all_CollCode189536.cif,ICSD 189536,6c-16i-24k
ClathrateI_all_CollCode189537.cif,ICSD 189537,6c-16i-24k
ClathrateI_all_CollCode189538.cif,ICSD 189538,6c-16i-24k
ClathrateI_all_CollCode189539.cif,ICSD 189539,6c-16i-24k
ClathrateI_all_CollCode189540.cif,ICSD 189540,6c-16i-24k
ClathrateI_all_CollCode189541.cif,ICSD 189541,6c-16i-24k
ClathrateI_all_CollCode189542.cif,ICSD 189542,6c-16i-24k
ClathrateI_all_CollCode189543.cif,ICSD 189543,6c-16i-24k
ClathrateI_all_CollCode189544.cif,ICSD 189544,6c-16i-24k
ClathrateI_all_CollCode189545.cif,ICSD 189545,6c-16i-24k
ClathrateI_all_CollCode189546.cif,ICSD 189546,6c-16i-24k
ClathrateI_all_CollCode189547.cif,ICSD 189547,6c-16i-24k
ClathrateI_all_CollCode189548.cif,ICSD 189548,6c-16i-24k
ClathrateI_all_CollCode189549.cif,ICSD 189549,6c-16i-24k
ClathrateI_all_CollCode189550.cif,ICSD 189550,6c-16i-24k
ClathrateI_all_CollCode189551.cif,ICSD 189551,6c-16i-24k
ClathrateI_all_CollCode189552.cif,ICSD 189552,6c-16i-24k
ClathrateI_all_CollCode189553.cif,ICSD 189553,6c-16i-24k
ClathrateI_all_CollCode189554.cif,ICSD 189554,6c-16i-24k
ClathrateI_all_CollCode189555.cif,ICSD 189555,6c-16i-24k
ClathrateI_all_CollCode189556.cif,ICSD 189556,6c-16i-24k
ClathrateI_all_CollCode189557.cif,ICSD 189557,6c-16i-24k
ClathrateI_all_CollCode189558.cif,ICSD 189558,6c-16i-24k
ClathrateI_all_CollCode189559.cif,ICSD 189559,6c-16i-24k
ClathrateI_all_CollCode189560.cif,ICSD 189560,6c-16i-24k
ClathrateI_all_CollCode189561.cif,ICSD 189561,6c-16i-24k
ClathrateI_all_CollCode189562.cif,ICSD 189562,6c-16i-24k
ClathrateI_all_CollCode189563.cif,ICSD 189563,6c-16i-24k
ClathrateI_all_CollCode189564.cif,ICSD 189564,6c-16i-24k
ClathrateI_all_CollCode189565.cif,ICSD 189565,6c-16i-24k
ClathrateI_all_CollCode189566.cif,ICSD 189566,6c-16i-24k
ClathrateI_all_CollCode189567.cif,ICSD 189567,6c-16i-24k
ClathrateI_all_CollCode189568.cif,ICSD 189568,6c-16i-24k
ClathrateI_all_CollCode189569.cif,ICSD 189569,6c-16i-24k
ClathrateI_all_CollCode189570.cif,ICSD 189570,6c-16i-24k
ClathrateI_all_CollCode189571.cif,ICSD 189571,6c-16i-24k
ClathrateI_all_CollCode189572.cif,ICSD 189572,6c-16i-24k
ClathrateI_all_CollCode189573.cif,ICSD 189573,6c-16i-24k
ClathrateI_all_CollCode189594.cif,ICSD 189594,6c-16i-24k
ClathrateI_all_CollCode189595.cif,ICSD 189595,6c-16i-24k
ClathrateI_all_CollCode189596.cif,ICSD 189596,6c-16i-24k
ClathrateI_all_CollCode189597.cif,ICSD 189597,6c-16i-24k
ClathrateI_all_CollCode189598.cif,ICSD 189598,6c-16i-24k
ClathrateI_all_CollCode189599.cif,ICSD 189599,6c-16i-24k
ClathrateI_all_CollCode189600.cif,ICSD 189600,6c-16i-24k
ClathrateI_all_CollCode189601.cif,ICSD 189601,6c-16i-24k
ClathrateI_all_CollCode189602.cif,ICSD 189602,6c-16i-24k
ClathrateI_all_CollCode189846.cif,ICSD 189846,6c-16i-24k
ClathrateI_all_CollCode189847.cif,ICSD 189847,6c-16i-24k
ClathrateI_all_CollCode189848.cif,ICSD 189848,6c-16i-24k
ClathrateI_all_CollCode190633.cif,ICSD 190633,6c-16i-24k
ClathrateI_all_CollCode190634.cif,ICSD 190634,6c-16i-24k
ClathrateI_all_CollCode190635.cif,ICSD 190635,6c-16i-24k
ClathrateI_all_CollCode191350.cif,ICSD 191350,6c-16i-24k
ClathrateI_all_CollCode191351.cif,ICSD 191351,6c-16i-24k
ClathrateI_all_CollCode191408.cif,ICSD 191408,6c-16i-24k
ClathrateI_all_CollCode191764.cif,ICSD 191764,6c-16i-24k
ClathrateI_all_CollCode192979.cif,ICSD 192979,6c-16i-24k
ClathrateI_all_CollCode192980.cif,ICSD 192980,6c-16i-24k
ClathrateI_all_CollCode192981.cif,ICSD 192981,6c-16i-24k
ClathrateI_all_CollCode193668.cif,ICSD 193668,6c-16i-24k
ClathrateI_all_CollCode195164.cif,ICSD 195164,6c-16i-24k
ClathrateI_all_CollCode195166.cif,ICSD 195166,6c-16i-24k
ClathrateI_all_CollCode195168.cif,ICSD 195168,6c-16i-24k
ClathrateI_all_CollCode196332.cif,ICSD 196332,6c-16i-24k
ClathrateI_all_CollCode196333.cif,ICSD 196333,6c-16i-24k
ClathrateI_all_CollCode199093.cif,ICSD 199093,6c-16i-24k
ClathrateI_all_CollCode205227.cif,ICSD 205227,6c-16i-24k
ClathrateI_all_CollCode205228.cif,ICSD 205228,6c-16i-24k
ClathrateI_all_CollCode205229.cif,ICSD 205229,6c-16i-24k
ClathrateI_all_CollCode205230.cif,ICSD 205230,6c-16i-24k
ClathrateI_all_CollCode205231.cif,ICSD 205231,6c-16i-24k
ClathrateI_all_CollCode205377.cif,ICSD 205377,6c-16i-24k
ClathrateI_all_CollCode205378.cif,ICSD 205378,6c-16i-24k
ClathrateI_all_CollCode205379.cif,ICSD 205379,6c-16i-24k
ClathrateI_all_CollCode205380.cif,ICSD 205380,6c-16i-24k
ClathrateI_all_CollCode205383.cif,ICSD 205383,6c-16i-24k
ClathrateI_all_CollCode205396.cif,ICSD 205396,6c-16i-24k
ClathrateI_all_CollCode206074.cif,ICSD 206074,6c-16i-24k
ClathrateI_all_CollCode206075.cif,ICSD 206075,6c-16i-24k
ClathrateI_all_CollCode206076.cif,ICSD 206076,6c-16i-24k
ClathrateI_all_CollCode213985.cif,ICSD 213985,6c-16i-24k
ClathrateI_all_CollCode213986.cif,ICSD 213986,6c-16i-24k
ClathrateI_all_CollCode213987.cif,ICSD 213987,6c-16i-24k
ClathrateI_all_CollCode213988.cif,ICSD 213988,6c-16i-24k
ClathrateI_all_CollCode235859.cif,ICSD 235859,6c-16i-24k
ClathrateI_all_CollCode236973.cif,ICSD 236973,6c-16i-24k
ClathrateI_all_CollCode236974.cif,ICSD 236974,6c-16i-24k
ClathrateI_all_CollCode237576.cif,ICSD 237576,6c-16i-24k
ClathrateI_all_CollCode237577.cif,ICSD 237577,6c-16i-24k
ClathrateI_all_CollCode237578.cif,ICSD 237578,6c-16i-24k
ClathrateI_all_CollCode237579.cif,ICSD 237579,6c-16i-24k
ClathrateI_all_CollCode237925.cif,ICSD 237925,6c-16i-24k
ClathrateI_all_CollCode237926.cif,ICSD 237926,6c-16i-24k
ClathrateI_all_CollCode237927.cif,ICSD 237927,6c-16i-24k
ClathrateI_all_CollCode237928.cif,ICSD 237928,6c-16i-24k
ClathrateI_all_CollCode237929.cif,ICSD 237929,6c-16i-24k
ClathrateI_all_CollCode237930.cif,ICSD 237930,6c-16i-24k
ClathrateI_all_CollCode238319.cif,ICSD 238319,6c-16i-24k
ClathrateI_all_CollCode238335.cif,ICSD 238335,6c-16i-24k
ClathrateI_all_CollCode238551.cif,ICSD 238551,6c-16i-24k
ClathrateI_all_CollCode238552.cif,ICSD 238552,6c-16i-24k
ClathrateI_all_CollCode238772.cif,ICSD 238772,6c-16i-24k
ClathrateI_all_CollCode240476.cif,ICSD 240476,6c-16i-24k
ClathrateI_all_CollCode245069.cif,ICSD 245069,6c-16i-24k
ClathrateI_all_CollCode245070.cif,ICSD 245070,6c-16i-24k
ClathrateI_all_CollCode245071.cif,ICSD 245071,6c-16i-24k
ClathrateI_all_CollCode245072.cif,ICSD 245072,6c-16i-24k
ClathrateI_all_CollCode246408.cif,ICSD 246408,6c-16i-24k
ClathrateI_all_CollCode246409.cif,ICSD 246409,6c-16i-24k
ClathrateI_all_CollCode246410.cif,ICSD 246410,6c-16i-24k
ClathrateI_all_CollCode246931.cif,ICSD 246931,6c-16i-24k
ClathrateI_all_CollCode247638.cif,ICSD 247638,6c-16i-24k
ClathrateI_all_CollCode247639.cif,ICSD 247639,6c-16i-24k
ClathrateI_all_CollCode247640.cif,ICSD 247640,6c-16i-24k
ClathrateI_all_CollCode247641.cif,ICSD 247641,6c-16i-24k
ClathrateI_all_CollCode247642.cif,ICSD 247642,6c-16i-24k
ClathrateI_all_CollCode248148.cif,ICSD 248148,6c-16i-24k
ClathrateI_all_CollCode248168.cif,ICSD 248168,6c-16i-24k
ClathrateI_all_CollCode248170.cif,ICSD 248170,6c-16i-24k
ClathrateI_all_CollCode248172.cif,ICSD 248172,6c-16i-24k
ClathrateI_all_CollCode248174.cif,ICSD 248174,6c-16i-24k
ClathrateI_all_CollCode248176.cif,ICSD 248176,6c-16i-24k
ClathrateI_all_CollCode248178.cif,ICSD 248178,6c-16i-24k
ClathrateI_all_CollCode248180.cif,ICSD 248180,6c-16i-24k
ClathrateI_all_CollCode248182.cif,ICSD 248182,6c-16i-24k
ClathrateI_all_CollCode248184.cif,ICSD 248184,6c-16i-24k
ClathrateI_all_CollCode248186.cif,ICSD 248186,6c-16i-24k
ClathrateI_all_CollCode248188.cif,ICSD 248188,6c-16i-24k
ClathrateI_all_CollCode248190.cif,ICSD 248190,6c-16i-24k
ClathrateI_all_CollCode248882.cif,ICSD 248882,6c-16i-24k
ClathrateI_all_CollCode248883.cif,ICSD 248883,6c-16i-24k
ClathrateI_all_CollCode248884.cif,ICSD 248884,6c-16i-24k
ClathrateI_all_CollCode248894.cif,ICSD 248894,6c-16i-24k
ClathrateI_all_CollCode249419.cif,ICSD 249419,6c-16i-24k
ClathrateI_all_CollCode249420.cif,ICSD 249420,6c-16i-24k
ClathrateI_all_CollCode25062.cif,ICSD 25062,6c-16i-24k
ClathrateI_all_CollCode251842.cif,ICSD 251842,6c-16i-24k
ClathrateI_all_CollCode251843.cif,ICSD 251843,6c-16i-24k
ClathrateI_all_CollCode251844.cif,ICSD 251844,6c-16i-24k
ClathrateI_all_CollCode251845.cif,ICSD 251845,6c-16i-24k
ClathrateI_all_CollCode251846.cif,ICSD 251846,6c-16i-24k
ClathrateI_all_CollCode25301.cif,ICSD 25301,6c-16i-24k
ClathrateI_all_CollCode253319.cif,ICSD 253319,6c-16i-24k
ClathrateI_all_CollCode253320.cif,ICSD 253320,6c-16i-24k
ClathrateI_all_CollCode253321.cif,ICSD 253321,6c-16i-24k
ClathrateI_all_CollCode25413.cif,ICSD 25413,6c-16i-24k
ClathrateI_all_CollCode260195.cif,ICSD 260195,6c-16i-24k
ClathrateI_all_CollCode261319.cif,ICSD 261319,6c-16i-24k
ClathrateI_all_CollCode261604.cif,ICSD 261604,6c-16i-24k
ClathrateI_all_CollCode261605.cif,ICSD 261605,6c-16i-24k
ClathrateI_all_CollCode261606.cif,ICSD 261606,6c-16i-24k
ClathrateI_all_CollCode261607.cif,ICSD 261607,6c-16i-24k
ClathrateI_all_CollCode262553.cif,ICSD 262553,6c-16i-24k
ClathrateI_all_CollCode262554.cif,ICSD 262554,6c-16i-24k
ClathrateI_all_CollCode26299.cif,ICSD 26299,6c-16i-24k
ClathrateI_all_CollCode26300.cif,ICSD 26300,6c-16i-24k
ClathrateI_all_CollCode263104.cif,ICSD 263104,6c-16i-24k
ClathrateI_all_CollCode263105.cif,ICSD 263105,6c-16i-24k
ClathrateI_all_CollCode263106.cif,ICSD 263106,6c-16i-24k
ClathrateI_all_CollCode263107.cif,ICSD 263107,6c-16i-24k
ClathrateI_all_CollCode263108.cif,ICSD 263108,6c-16i-24k
ClathrateI_all_CollCode280003.cif,ICSD 280003,6c-16i-24k
ClathrateI_all_CollCode28122.cif,ICSD 28122,6c-16i-24k
ClathrateI_all_CollCode28123.cif,ICSD 28123,6c-16i-24k
ClathrateI_all_CollCode281412.cif,ICSD 281412,6c-16i-24k
ClathrateI_all_CollCode281413.cif,ICSD 281413,6c-16i-24k
ClathrateI_all_CollCode31794.cif,ICSD 31794,6c-16i-24k
ClathrateI_all_CollCode31802.cif,ICSD 31802,6c-16i-24k
ClathrateI_all_CollCode31803.cif,ICSD 31803,6c-16i-24k
ClathrateI_all_CollCode31804.cif,ICSD 31804,6c-16i-24k
ClathrateI_all_CollCode31805.cif,ICSD 31805,6c-16i-24k
ClathrateI_all_CollCode31806.cif,ICSD 31806,6c-16i-24k
ClathrateI_all_CollCode31807.cif,ICSD 31807,6c-16i-24k
ClathrateI_all_CollCode380509.cif,ICSD 380509,6c-16i-24k
ClathrateI_all_CollCode380510.cif,ICSD 380510,6c-16i-24k
ClathrateI_all_CollCode38190.cif,ICSD 38190,6c-16i-24k
ClathrateI_all_CollCode38201.cif,ICSD 38201,6c-16i-24k
ClathrateI_all_CollCode38202.cif,ICSD 38202,6c-16i-24k
ClathrateI_all_CollCode38203.cif,ICSD 38203,6c-16i-24k
ClathrateI_all_CollCode38214.cif,ICSD 38214,6c-16i-24k
ClathrateI_all_CollCode38216.cif,ICSD 38216,6c-16i-24k
ClathrateI_all_CollCode38224.cif,ICSD 38224,6c-16i-24k
ClathrateI_all_CollCode38227.cif,ICSD 38227,6c-16i-24k
ClathrateI_all_CollCode38230.cif,ICSD 38230,6c-16i-24k
ClathrateI_all_CollCode38234.cif,ICSD 38234,6c-16i-24k
ClathrateI_all_CollCode38240.cif,ICSD 38240,6c-16i-24k
ClathrateI_all_CollCode38241.cif,ICSD 38241,6c-16i-24k
ClathrateI_all_CollCode400448.cif,ICSD 400448,6c-16i-24k
ClathrateI_all_CollCode40562.cif,ICSD 40562,6c-16i-24k
ClathrateI_all_CollCode40563.cif,ICSD 40563,6c-16i-24k
ClathrateI_all_CollCode40564.cif,ICSD 40564,6c-16i-24k
ClathrateI_all_CollCode40565.cif,ICSD 40565,6c-16i-24k
ClathrateI_all_CollCode40566.cif,ICSD 40566,6c-16i-24k
ClathrateI_all_CollCode40567.cif,ICSD 40567,6c-16i-24k
ClathrateI_all_CollCode40912.cif,ICSD 40912,6c-16i-24k
ClathrateI_all_CollCode409247.cif,ICSD 409247,6c-16i-24k
ClathrateI_all_CollCode409249.cif,ICSD 409249,6c-16i-24k
ClathrateI_all_CollCode409251.cif,ICSD 409251,6c-16i-24k
ClathrateI_all_CollCode409253.cif,ICSD 409253,6c-16i-24k
ClathrateI_all_CollCode409254.cif,ICSD 409254,6c-16i-24k
ClathrateI_all_CollCode409255.cif,ICSD 409255,6c-16i-24k
ClathrateI_all_CollCode409258.cif,ICSD 409258,6c-16i-24k
ClathrateI_all_CollCode409259.cif,ICSD 409259,6c-16i-24k
ClathrateI_all_CollCode409367.cif,ICSD 409367,6c-16i-24k
ClathrateI_all_CollCode409448.cif,ICSD 409448,6c-16i-24k
ClathrateI_all_CollCode409469.cif,ICSD 409469,6c-16i-24k
ClathrateI_all_CollCode409604.cif,ICSD 409604,6c-16i-24k
ClathrateI_all_CollCode409614.cif,ICSD 409614,6c-16i-24k
ClathrateI_all_CollCode409615.cif,ICSD 409615,6c-16i-24k
ClathrateI_all_CollCode409616.cif,ICSD 409616,6c-16i-24k
ClathrateI_all_CollCode409912.cif,ICSD 409912,6c-16i-24k
ClathrateI_all_CollCode411062.cif,ICSD 411062,6c-16i-24k
ClathrateI_all_CollCode411063.cif,ICSD 411063,6c-16i-24k
ClathrateI_all_CollCode411923.cif,ICSD 411923,6c-16i-24k
ClathrateI_all_CollCode411925.cif,ICSD 411925,6c-16i-24k
ClathrateI_all_CollCode414081.cif,ICSD 414081,6c-16i-24k
ClathrateI_all_CollCode415563.cif,ICSD 415563,6c-16i-24k
ClathrateI_all_CollCode417501.cif,ICSD 417501,6c-16i-24k
ClathrateI_all_CollCode417502.cif,ICSD 417502,6c-16i-24k
ClathrateI_all_CollCode417939.cif,ICSD 417939,6c-16i-24k
ClathrateI_all_CollCode417940.cif,ICSD 417940,6c-16i-24k
ClathrateI_all_CollCode417941.cif,ICSD 417941,6c-16i-24k
ClathrateI_all_CollCode417970.cif,ICSD 417970,6c-16i-24k
ClathrateI_all_CollCode418007.cif,ICSD 418007,6c-16i-24k
ClathrateI_all_CollCode418008.cif,ICSD 418008,6c-16i-24k
ClathrateI_all_CollCode418045.cif,ICSD 418045,6c-16i-24k
ClathrateI_all_CollCode419207.cif,ICSD 419207,6c-16i-24k
ClathrateI_all_CollCode419208.cif,ICSD 419208,6c-16i-24k
ClathrateI_all_CollCode419209.cif,ICSD 419209,6c-16i-24k
ClathrateI_all_CollCode419210.cif,ICSD 419210,6c-16i-24k
ClathrateI_all_CollCode419211.cif,ICSD 419211,6c-16i-24k
ClathrateI_all_CollCode419212.cif,ICSD 419212,6c-16i-24k
ClathrateI_all_CollCode419213.cif,ICSD 419213,6c-16i-24k
ClathrateI_all_CollCode420113.cif,ICSD 420113,6c-16i-24k
ClathrateI_all_CollCode420114.cif,ICSD 420114,6c-16i-24k
ClathrateI_all_CollCode422586.cif,ICSD 422586,6c-16i-24k
ClathrateI_all_CollCode422654.cif,ICSD 422654,6c-16i-24k
ClathrateI_all_CollCode423131.cif,ICSD 423131,6c-16i-24k
ClathrateI_all_CollCode423636.cif,ICSD 423636,6c-16i-24k
ClathrateI_all_CollCode423660.cif,ICSD 423660,6c-16i-24k
ClathrateI_all_CollCode424860.cif,ICSD 424860,6c-16i-24k
ClathrateI_all_CollCode424861.cif,ICSD 424861,6c-16i-24k
ClathrateI_all_CollCode424862.cif,ICSD 424862,6c-16i-24k
ClathrateI_all_CollCode424863.cif,ICSD 424863,6c-16i-24k
ClathrateI_all_CollCode425873.cif,ICSD 425873,6c-16i-24k
ClathrateI_all_CollCode426509.cif,ICSD 426509,6c-16i-24k
ClathrateI_all_CollCode427684.cif,ICSD 427684,6c-16i-24k
ClathrateI_all_CollCode427685.cif,ICSD 427685,6c-16i-24k
ClathrateI_all_CollCode427686.cif,ICSD 427686,6c-16i-24k
ClathrateI_all_CollCode429308.cif,ICSD 429308,6c-16i-24k
ClathrateI_all_CollCode429309.cif,ICSD 429309,6c-16i-24k
ClathrateI_all_CollCode429310.cif,ICSD 429310,6c-16i-24k
ClathrateI_all_CollCode429311.cif,ICSD 429311,6c-16i-24k
ClathrateI_all_CollCode429312.cif,ICSD 429312,6c-16i-24k
ClathrateI_all_CollCode429313.cif,ICSD 429313,6c-16i-24k
ClathrateI_all_CollCode429314.cif,ICSD 429314,6c-16i-24k
ClathrateI_all_CollCode433277.cif,ICSD 433277,6c-16i-24k
ClathrateI_all_CollCode433278.cif,ICSD 433278,6c-16i-24k
ClathrateI_all_CollCode433338.cif,ICSD 433338,6c-16i-24k
ClathrateI_all_CollCode46841.cif,ICSD 46841,6c-16i-24k
ClathrateI_all_CollCode48621.cif,ICSD 48621,6c-16i-24k
ClathrateI_all_CollCode499448.cif,ICSD 499448,6c-16i-24k
ClathrateI_all_CollCode50796.cif,ICSD 50796,6c-16i-24k
ClathrateI_all_CollCode52613.cif,ICSD 52613,6c-16i-24k
ClathrateI_all_CollCode52633.cif,ICSD 52633,6c-16i-24k
ClathrateI_all_CollCode56719.cif,ICSD 56719,6c-16i-24k
ClathrateI_all_CollCode56980.cif,ICSD 56980,6c-16i-24k
ClathrateI_all_CollCode57034.cif,ICSD 57034,6c-16i-24k
ClathrateI_all_CollCode57035.cif,ICSD 57035,6c-16i-24k
ClathrateI_all_CollCode57036.cif,ICSD 57036,6c-16i-24k
ClathrateI_all_CollCode57037.cif,ICSD 57037,6c-16i-24k
ClathrateI_all_CollCode59226.cif,ICSD 59226,6c-16i-24k
ClathrateI_all_CollCode606154.cif,ICSD 606154,6c-16i-24k
ClathrateI_all_CollCode607983.cif,ICSD 607983,6c-16i-24k
ClathrateI_all_CollCode608259.cif,ICSD 608259,6c-16i-24k
ClathrateI_all_CollCode608260.cif,ICSD 608260,6c-16i-24k
ClathrateI_all_CollCode609336.cif,ICSD 609336,6c-16i-24k
ClathrateI_all_CollCode615886.cif,ICSD 615886,6c-16i-24k
ClathrateI_all_CollCode615897.cif,ICSD 615897,6c-16i-24k
ClathrateI_all_CollCode615908.cif,ICSD 615908,6c-16i-24k
ClathrateI_all_CollCode62352.cif,ICSD 62352,6c-16i-24k
ClathrateI_all_CollCode627107.cif,ICSD 627107,6c-16i-24k
ClathrateI_all_CollCode627108.cif,ICSD 627108,6c-16i-24k
ClathrateI_all_CollCode634249.cif,ICSD 634249,6c-16i-24k
ClathrateI_all_CollCode634262.cif,ICSD 634262,6c-16i-24k
ClathrateI_all_CollCode634280.cif,ICSD 634280,6c-16i-24k
ClathrateI_all_CollCode634471.cif,ICSD 634471,6c-16i-24k
ClathrateI_all_CollCode634472.cif,ICSD 634472,6c-16i-24k
ClathrateI_all_CollCode634473.cif,ICSD 634473,6c-16i-24k
ClathrateI_all_CollCode634728.cif,ICSD 634728,6c-16i-24k
ClathrateI_all_CollCode635417.cif,ICSD 635417,6c-16i-24k
ClathrateI_all_CollCode636685.cif,ICSD 636685,6c-16i-24k
ClathrateI_all_CollCode636686.cif,ICSD 636686,6c-16i-24k
ClathrateI_all_CollCode639836.cif,ICSD 639836,6c-16i-24k
ClathrateI_all_CollCode639837.cif,ICSD 639837,6c-16i-24k
ClathrateI_all_CollCode710030.cif,ICSD 710030,6c-16i-24k
ClathrateI_all_CollCode710091.cif,ICSD 710091,6c-16i-24k
ClathrateI_all_CollCode77178.cif,ICSD 77178,6c-16i-24k
ClathrateI_all_CollCode77179.cif,ICSD 77179,6c-16i-24k
ClathrateI_all_CollCode77180.cif,ICSD 77180,6c-16i-24k
ClathrateI_all_CollCode79866.cif,ICSD 79866,6c-16i-24k
ClathrateI_all_CollCode86756.cif,ICSD 86756,6c-16i-24k
ClathrateI_all_CollCode90093.cif,ICSD 90093,6c-16i-24k
ClathrateI_all_CollCode90172.cif,ICSD 90172,6c-16i-24k
ClathrateI_all_CollCode90173.cif,ICSD 90173,6c-16i-24k
ClathrateI_all_CollCode90174.cif,ICSD 90174,6c-16i-24k
ClathrateI_all_CollCode90175.cif,ICSD 90175,6c-16i-24k
ClathrateI_all_CollCode90176.cif,ICSD 90176,6c-16i-24k
ClathrateI_all_CollCode90177.cif,ICSD 90177,6c-16i-24k
ClathrateI_all_CollCode90467.cif,ICSD 90467,6c-16i-24k
ClathrateI_all_CollCode91103.cif,ICSD 91103,6c-16i-24k
ClathrateI_all_CollCode91285.cif,ICSD 91285,6c-16i-24k
ClathrateI_all_CollCode91286.cif,ICSD 91286,6c-16i-24k
ClathrateI_all_CollCode91287.cif,ICSD 91287,6c-16i-24k
ClathrateI_all_CollCode93316.cif,ICSD 93316,6c-16i-24k
ClathrateI_all_CollCode93317.cif,ICSD 93317,6c-16i-24k
ClathrateI_all_CollCode93318.cif,ICSD 93318,6c-16i-24k
ClathrateI_all_CollCode93319.cif,ICSD 93319,6c-16i-24k
ClathrateI_all_CollCode93320.cif,ICSD 93320,6c-16i-24k
ClathrateI_all_CollCode93455.cif,ICSD 93455,6c-16i-24k
ClathrateI_all_CollCode93456.cif,ICSD 93456,6c-16i-24k
ClathrateI_all_CollCode93457.cif,ICSD 93457,6c-16i-24k
ClathrateI_all_CollCode97476.cif,ICSD 97476,6c-16i-24k
ClathrateI_all_CollCode97477.cif,ICSD 97477,6c-16i-24k
ClathrateI_all_CollCode97478.cif,ICSD 97478,6c-16i-24k
ClathrateI_all_CollCode97479.cif,ICSD 97479,6c-16i-24k
ClathrateI_all_CollCode97480.cif,ICSD 97480,6c-16i-24k
ClathrateI_all_CollCode99511.cif,ICSD 99511,6c-16i-24k
ClathrateI_all_CollCode99512.cif,ICSD 99512,6c-16i-24k
Na-B-Si-clatI-48621.cif,ICSD 48621,6c-16i-24k
ClathrateI_all_CollCode25063.cif,ICSD 25063,6c-16i-24k-48l
ClathrateI_all_CollCode25064.cif,ICSD 25064,6c-16i-24k-48l
ClathrateI_all_CollCode25065.cif,ICSD 25065,6c-16i-24k-48l
ClathrateI_all_CollCode25066.cif,ICSD 25066,6c-16i-24k-48l
ClathrateI_all_CollCode25067.cif,ICSD 25067,6c-16i-24k-48l
ClathrateI_all_CollCode111109.cif,ICSD 111109,6c-16i-24k+M_on_24k
ClathrateI_all_CollCode145822.cif,ICSD 145822,6c-16i-24k+M_on_24k
ClathrateI_all_CollCode151880.cif,ICSD 151880,6c-16i-24k+M_on_24k
ClathrateI_all_CollCode161949.cif,ICSD 161949,6c-16i-24k+M_on_24k
ClathrateI_all_CollCode161950.cif,ICSD 161950,6c-16i-24k+M_on_24k
ClathrateI_all_CollCode166918.cif,ICSD 166918,6c-16i-24k+M_on_24k
ClathrateI_all_CollCode179569.cif,ICSD 179569,6c-16i-24k+M_on_24k
ClathrateI_all_CollCode179570.cif,ICSD 179570,6c-16i-24k+M_on_24k
ClathrateI_all_CollCode186989.cif,ICSD 186989,6c-16i-24k+M_on_24k
ClathrateI_all_CollCode189574.cif,ICSD 189574,6c-16i-24k+M_on_24k
ClathrateI_all_CollCode189575.cif,ICSD 189575,6c-16i-24k+M_on_24k
ClathrateI_all_CollCode189576.cif,ICSD 189576,6c-16i-24k+M_on_24k
ClathrateI_all_CollCode189577.cif,ICSD 189577,6c-16i-24k+M_on_24k
ClathrateI_all_CollCode189578.cif,ICSD 189578,6c-16i-24k+M_on_24k
ClathrateI_all_CollCode189579.cif,ICSD 189579,6c-16i-24k+M_on_24k
ClathrateI_all_CollCode189580.cif,ICSD 189580,6c-16i-24k+M_on_24k
ClathrateI_all_CollCode189581.cif,ICSD 189581,6c-16i-24k+M_on_24k
ClathrateI_all_CollCode189582.cif,ICSD 189582,6c-16i-24k+M_on_24k
ClathrateI_all_CollCode189583.cif,ICSD 189583,6c-16i-24k+M_on_24k
ClathrateI_all_CollCode189584.cif,ICSD 189584,6c-16i-24k+M_on_24k
ClathrateI_all_CollCode189585.cif,ICSD 189585,6c-16i-24k+M_on_24k
ClathrateI_all_CollCode189586.cif,ICSD 189586,6c-16i-24k+M_on_24k
ClathrateI_all_CollCode189587.cif,ICSD 189587,6c-16i-24k+M_on_24k
ClathrateI_all_CollCode189588.cif,ICSD 189588,6c-16i-24k+M_on_24k
ClathrateI_all_CollCode189589.cif,ICSD 189589,6c-16i-24k+M_on_24k
ClathrateI_all_CollCode189590.cif,ICSD 189590,6c-16i-24k+M_on_24k
ClathrateI_all_CollCode189591.cif,ICSD 189591,6c-16i-24k+M_on_24k
ClathrateI_all_CollCode189592.cif,ICSD 189592,6c-16i-24k+M_on_24k
ClathrateI_all_CollCode189593.cif,ICSD 189593,6c-16i-24k+M_on_24k
ClathrateI_all_CollCode236975.cif,ICSD 236975,6c-16i-24k+M_on_24k
ClathrateI_all_CollCode236976.cif,ICSD 236976,6c-16i-24k+M_on_24k
ClathrateI_all_CollCode251847.cif,ICSD 251847,6c-16i-24k+M_on_24k
ClathrateI_all_CollCode251848.cif,ICSD 251848,6c-16i-24k+M_on_24k
ClathrateI_all_CollCode251849.cif,ICSD 251849,6c-16i-24k+M_on_24k
ClathrateI_all_CollCode251850.cif,ICSD 251850,6c-16i-24k+M_on_24k
ClathrateI_all_CollCode251851.cif,ICSD 251851,6c-16i-24k+M_on_24k
ClathrateI_all_CollCode251852.cif,ICSD 251852,6c-16i-24k+M_on_24k
ClathrateI_all_CollCode251853.cif,ICSD 251853,6c-16i-24k+M_on_24k
ClathrateI_all_CollCode251854.cif,ICSD 251854,6c-16i-24k+M_on_24k
ClathrateI_all_CollCode251855.cif,ICSD 251855,6c-16i-24k+M_on_24k
ClathrateI_all_CollCode251856.cif,ICSD 251856,6c-16i-24k+M_on_24k
ClathrateI_all_CollCode251857.cif,ICSD 251857,6c-16i-24k+M_on_24k
ClathrateI_all_CollCode251858.cif,ICSD 251858,6c-16i-24k+M_on_24k
ClathrateI_all_CollCode251859.cif,ICSD 251859,6c-16i-24k+M_on_24k
ClathrateI_all_CollCode262678.cif,ICSD 262678,6c-16i-24k+M_on_24k
ClathrateI_all_CollCode262679.cif,ICSD 262679,6c-16i-24k+M_on_24k
ClathrateI_all_CollCode262680.cif,ICSD 262680,6c-16i-24k+M_on_24k
ClathrateI_all_CollCode409605.cif,ICSD 409605,6c-16i-24k+M_on_24k
ClathrateI_all_CollCode422585.cif,ICSD 422585,6c-16i-24k+M_on_24k
ClathrateI_all_CollCode422587.cif,ICSD 422587,6c-16i-24k+M_on_24k
ClathrateI_all_CollCode90178.cif,ICSD 90178,6c-16i-24k+M_on_24k
ClathrateI_all_CollCode90179.cif,ICSD 90179,6c-16i-24k+M_on_24k
ClathrateI_all_CollCode90180.cif,ICSD 90180,6c-16i-24k+M_on_24k
ClathrateI_all_CollCode90181.cif,ICSD 90181,6c-16i-24k+M_on_24k
ClathrateI_all_CollCode90182.cif,ICSD 90182,6c-16i-24k+M_on_24k
ClathrateI_all_CollCode93321.cif,ICSD 93321,6c-16i-24k+M_on_24k
ClathrateI_all_CollCode93322.cif,ICSD 93322,6c-16i-24k+M_on_24k
ClathrateI_all_CollCode93323.cif,ICSD 93323,6c-16i-24k+M_on_24k
ClathrateI_all_CollCode93324.cif,ICSD 93324,6c-16i-24k+M_on_24k
ClathrateI_all_CollCode93325.cif,ICSD 93325,6c-16i-24k+M_on_24k
ClathrateI_all_CollCode93326.cif,ICSD 93326,6c-16i-24k+M_on_24k
ClathrateI_all_CollCode93327.cif,ICSD 93327,6c-16i-24k+M_on_24k
ClathrateI_all_CollCode93328.cif,ICSD 93328,6c-16i-24k+M_on_24k
ClathrateI_all_CollCode94297.cif,ICSD 94297,6c-16i-24k+M_on_24k
ClathrateI_all_CollCode94298.cif,ICSD 94298,6c-16i-24k+M_on_24k
ClathrateI_all_CollCode95916.cif,ICSD 95916,6c-16i-24k+M_on_24k
ClathrateI_all_CollCode95917.cif,ICSD 95917,6c-16i-24k+M_on_24k
ClathrateI_all_CollCode131825.cif,ICSD 131825,6d-16i-24k
ClathrateI_all_CollCode131826.cif,ICSD 131826,6d-16i-24k
ClathrateI_all_CollCode131827.cif,ICSD 131827,6d-16i-24k
ClathrateI_all_CollCode131828.cif,ICSD 131828,6d-16i-24k
ClathrateI_all_CollCode131829.cif,ICSD 131829,6d-16i-24k
ClathrateI_all_CollCode131836.cif,ICSD 131836,6d-16i-24k
ClathrateI_all_CollCode145955.cif,ICSD 145955,6d-16i-24k
ClathrateI_all_CollCode145956.cif,ICSD 145956,6d-16i-24k
ClathrateI_all_CollCode145957.cif,ICSD 145957,6d-16i-24k
ClathrateI_all_CollCode159443.cif,ICSD 159443,6d-16i-24k
ClathrateI_all_CollCode159444.cif,ICSD 159444,6d-16i-24k
ClathrateI_all_CollCode159445.cif,ICSD 159445,6d-16i-24k
ClathrateI_all_CollCode159446.cif,ICSD 159446,6d-16i-24k
ClathrateI_all_CollCode159447.cif,ICSD 159447,6d-16i-24k
ClathrateI_all_CollCode159448.cif,ICSD 159448,6d-16i-24k
ClathrateI_all_CollCode159449.cif,ICSD 159449,6d-16i-24k
ClathrateI_all_CollCode159450.cif,ICSD 159450,6d-16i-24k
ClathrateI_all_CollCode159451.cif,ICSD 159451,6d-16i-24k
ClathrateI_all_CollCode166709.cif,ICSD 166709,6d-16i-24k
ClathrateI_all_CollCode166710.cif,ICSD 166710,6d-16i-24k
ClathrateI_all_CollCode166711.cif,ICSD 166711,6d-16i-24k
ClathrateI_all_CollCode166712.cif,ICSD 166712,6d-16i-24k
ClathrateI_all_CollCode171242.cif,ICSD 171242,6d-16i-24k
ClathrateI_all_CollCode177998.cif,ICSD 177998,6d-16i-24k
ClathrateI_all_CollCode178268.cif,ICSD 178268,6d-16i-24k
ClathrateI_all_CollCode181519.cif,ICSD 181519,6d-16i-24k
ClathrateI_all_CollCode181520.cif,ICSD 181520,6d-16i-24k
ClathrateI_all_CollCode181521.cif,ICSD 181521,6d-16i-24k
ClathrateI_all_CollCode181522.cif,ICSD 181522,6d-16i-24k
ClathrateI_all_CollCode181523.cif,ICSD 181523,6d-16i-24k
ClathrateI_all_CollCode181524.cif,ICSD 181524,6d-16i-24k
ClathrateI_all_CollCode181525.cif,ICSD 181525,6d-16i-24k
ClathrateI_all_CollCode182909.cif,ICSD 182909,6d-16i-24k
ClathrateI_all_CollCode185931.cif,ICSD 185931,6d-16i-24k
ClathrateI_all_CollCode185932.cif,ICSD 185932,6d-16i-24k
ClathrateI_all_CollCode185933.cif,ICSD 185933,6d-16i-24k
ClathrateI_all_CollCode186447.cif,ICSD 186447,6d-16i-24k
ClathrateI_all_CollCode186525.cif,ICSD 186525,6d-16i-24k
ClathrateI_all_CollCode186526.cif,ICSD 186526,6d-16i-24k
ClathrateI_all_CollCode186527.cif,ICSD 186527,6d-16i-24k
ClathrateI_all_CollCode186539.cif,ICSD 186539,6d-16i-24k
ClathrateI_all_CollCode186540.cif,ICSD 186540,6d-16i-24k
ClathrateI_all_CollCode186541.cif,ICSD 186541,6d-16i-24k
ClathrateI_all_CollCode189364.cif,ICSD 189364,6d-16i-24k
ClathrateI_all_CollCode189365.cif,ICSD 189365,6d-16i-24k
ClathrateI_all_CollCode189366.cif,ICSD 189366,6d-16i-24k
ClathrateI_all_CollCode189887.cif,ICSD 189887,6d-16i-24k
ClathrateI_all_CollCode189888.cif,ICSD 189888,6d-16i-24k
ClathrateI_all_CollCode189889.cif,ICSD 189889,6d-16i-24k
ClathrateI_all_CollCode189890.cif,ICSD 189890,6d-16i-24k
ClathrateI_all_CollCode189891.cif,ICSD 189891,6d-16i-24k
ClathrateI_all_CollCode189892.cif,ICSD 189892,6d-16i-24k
ClathrateI_all_CollCode189893.cif,ICSD 189893,6d-16i-24k
ClathrateI_all_CollCode189894.cif,ICSD 189894,6d-16i-24k
ClathrateI_all_CollCode189895.cif,ICSD 189895,6d-16i-24k
ClathrateI_all_CollCode189896.cif,ICSD 189896,6d-16i-24k
ClathrateI_all_CollCode189897.cif,ICSD 189897,6d-16i-24k
ClathrateI_all_CollCode189898.cif,ICSD 189898,6d-16i-24k
ClathrateI_all_CollCode189899.cif,ICSD 189899,6d-16i-24k
ClathrateI_all_CollCode189900.cif,ICSD 189900,6d-16i-24k
ClathrateI_all_CollCode189901.cif,ICSD 189901,6d-16i-24k
ClathrateI_all_CollCode189902.cif,ICSD 189902,6d-16i-24k
ClathrateI_all_CollCode189903.cif,ICSD 189903,6d-16i-24k
ClathrateI_all_CollCode189904.cif,ICSD 189904,6d-16i-24k
ClathrateI_all_CollCode189905.cif,ICSD 189905,6d-16i-24k
ClathrateI_all_CollCode189906.cif,ICSD 189906,6d-16i-24k
ClathrateI_all_CollCode189907.cif,ICSD 189907,6d-16i-24k
ClathrateI_all_CollCode189908.cif,ICSD 189908,6d-16i-24k
ClathrateI_all_CollCode189909.cif,ICSD 189909,6d-16i-24k
ClathrateI_all_CollCode189910.cif,ICSD 189910,6d-16i-24k
ClathrateI_all_CollCode189917.cif,ICSD 189917,6d-16i-24k
ClathrateI_all_CollCode189918.cif,ICSD 189918,6d-16i-24k
ClathrateI_all_CollCode189919.cif,ICSD 189919,6d-16i-24k
ClathrateI_all_CollCode189920.cif,ICSD 189920,6d-16i-24k
ClathrateI_all_CollCode189921.cif,ICSD 189921,6d-16i-24k
ClathrateI_all_CollCode189922.cif,ICSD 189922,6d-16i-24k
ClathrateI_all_CollCode189927.cif,ICSD 189927,6d-16i-24k
ClathrateI_all_CollCode189928.cif,ICSD 189928,6d-16i-24k
ClathrateI_all_CollCode189929.cif,ICSD 189929,6d-16i-24k
ClathrateI_all_CollCode189930.cif,ICSD 189930,6d-16i-24k
ClathrateI_all_CollCode189931.cif,ICSD 189931,6d-16i-24k
ClathrateI_all_CollCode189932.cif,ICSD 189932,6d-16i-24k
ClathrateI_all_CollCode190431.cif,ICSD 190431,6d-16i-24k
ClathrateI_all_CollCode190432.cif,ICSD 190432,6d-16i-24k
ClathrateI_all_CollCode190433.cif,ICSD 190433,6d-16i-24k
ClathrateI_all_CollCode190434.cif,ICSD 190434,6d-16i-24k
ClathrateI_all_CollCode190435.cif,ICSD 190435,6d-16i-24k
ClathrateI_all_CollCode191989.cif,ICSD 191989,6d-16i-24k
ClathrateI_all_CollCode194245.cif,ICSD 194245,6d-16i-24k
ClathrateI_all_CollCode237246.cif,ICSD 237246,6d-16i-24k
ClathrateI_all_CollCode237247.cif,ICSD 237247,6d-16i-24k
ClathrateI_all_CollCode237674.cif,ICSD 237674,6d-16i-24k
ClathrateI_all_CollCode237675.cif,ICSD 237675,6d-16i-24k
ClathrateI_all_CollCode237676.cif,ICSD 237676,6d-16i-24k
ClathrateI_all_CollCode246739.cif,ICSD 246739,6d-16i-24k
ClathrateI_all_CollCode246740.cif,ICSD 246740,6d-16i-24k
ClathrateI_all_CollCode246741.cif,ICSD 246741,6d-16i-24k
ClathrateI_all_CollCode247519.cif,ICSD 247519,6d-16i-24k
ClathrateI_all_CollCode247520.cif,ICSD 247520,6d-16i-24k
ClathrateI_all_CollCode247521.cif,ICSD 247521,6d-16i-24k
ClathrateI_all_CollCode247522.cif,ICSD 247522,6d-16i-24k
ClathrateI_all_CollCode247523.cif,ICSD 247523,6d-16i-24k
ClathrateI_all_CollCode247524.cif,ICSD 247524,6d-16i-24k
ClathrateI_all_CollCode247525.cif,ICSD 247525,6d-16i-24k
ClathrateI_all_CollCode247526.cif,ICSD 247526,6d-16i-24k
ClathrateI_all_CollCode247527.cif,ICSD 247527,6d-16i-24k
ClathrateI_all_CollCode247528.cif,ICSD 247528,6d-16i-24k
ClathrateI_all_CollCode247529.cif,ICSD 247529,6d-16i-24k
ClathrateI_all_CollCode247530.cif,ICSD 247530,6d-16i-24k
ClathrateI_all_CollCode247531.cif,ICSD 247531,6d-16i-24k
ClathrateI_all_CollCode247532.cif,ICSD 247532,6d-16i-24k
ClathrateI_all_CollCode247533.cif,ICSD 247533,6d-16i-24k
ClathrateI_all_CollCode247534.cif,ICSD 247534,6d-16i-24k
ClathrateI_all_CollCode248885.cif,ICSD 248885,6d-16i-24k
ClathrateI_all_CollCode248886.cif,ICSD 248886,6d-16i-24k
ClathrateI_all_CollCode248887.cif,ICSD 248887,6d-16i-24k
ClathrateI_all_CollCode248888.cif,ICSD 248888,6d-16i-24k
ClathrateI_all_CollCode248889.cif,ICSD 248889,6d-16i-24k
ClathrateI_all_CollCode248890.cif,ICSD 248890,6d-16i-24k
ClathrateI_all_CollCode248891.cif,ICSD 248891,6d-16i-24k
ClathrateI_all_CollCode248892.cif,ICSD 248892,6d-16i-24k
ClathrateI_all_CollCode255719.cif,ICSD 255719,6d-16i-24k
ClathrateI_all_CollCode290624.cif,ICSD 290624,6d-16i-24k
ClathrateI_all_CollCode290625.cif,ICSD 290625,6d-16i-24k
ClathrateI_all_CollCode290626.cif,ICSD 290626,6d-16i-24k
ClathrateI_all_CollCode290627.cif,ICSD 290627,6d-16i-24k
ClathrateI_all_CollCode290628.cif,ICSD 290628,6d-16i-24k
ClathrateI_all_CollCode290629.cif,ICSD 290629,6d-16i-24k
ClathrateI_all_CollCode290630.cif,ICSD 290630,6d-16i-24k
ClathrateI_all_CollCode290631.cif,ICSD 290631,6d-16i-24k
ClathrateI_all_CollCode290632.cif,ICSD 290632,6d-16i-24k
ClathrateI_all_CollCode414644.cif,ICSD 414644,6d-16i-24k
ClathrateI_all_CollCode422652.cif,ICSD 422652,6d-16i-24k
ClathrateI_all_CollCode422653.cif,ICSD 422653,6d-16i-24k
ClathrateI_all_CollCode424151.cif,ICSD 424151,6d-16i-24k
ClathrateI_all_CollCode93844.cif,ICSD 93844,6d-16i-24k
ClathrateI_all_CollCode418183.cif,ICSD 418183,6d-16i-24k-48l
ClathrateI_all_CollCode191990.cif,ICSD 191990,6d-16i-24k-M_on_24k
ClathrateI_all_CollCode195794.cif,ICSD 195794,6d-16i-24k-M_on_24k
ClathrateI_all_CollCode236333.cif,ICSD 236333,6d-16i-24k-M_on_24k
ClathrateI_all_CollCode237575.cif,ICSD 237575,6d-16i-24k-M_on_24k
ClathrateI_all_CollCode253318.cif,ICSD 253318,6f-8i-12j-12k
ClathrateI_all_CollCode260310.cif,ICSD 260310,6f-8i-12j-12k
ClathrateI_all_CollCode260311.cif,ICSD 260311,6f-8i-12j-12k
ClathrateI_all_CollCode409928.cif,ICSD 409928,6f-8i-12j-12k
ClathrateI_all_CollCode409929.cif,ICSD 409929,6f-8i-12j-12k
ClathrateI_all_CollCode409930.cif,ICSD 409930,6f-8i-12j-12k
ClathrateI_all_CollCode248893.cif,ICSD 248893,6g-8i-12j-12k
