File,Database_Code
Acanthite__0010584.cif,amcsd 0010584
Agmantinite__0021412.cif,amcsd 0021412
Aguilarite__0019989.cif,amcsd 0019989
Aikinite__0009395.cif,amcsd 0009395
Aikinite__0010716.cif,amcsd 0010716
Aktashite__0012465.cif,amcsd 0012465
Aktashite__0018863.cif,amcsd 0018863
Aktashite__0018891.cif,amcsd 0018891
Alabandite__0007512.cif,amcsd 0007512
Alabandite__0007513.cif,amcsd 0007513
Alabandite__0007514.cif,amcsd 0007514
Alabandite__0007515.cif,amcsd 0007515
Alabandite__0007516.cif,amcsd 0007516
Alabandite__0007517.cif,amcsd 0007517
Alabandite__0007518.cif,amcsd 0007518
Alabandite__0007519.cif,amcsd 0007519
Alabandite__0007520.cif,amcsd 0007520
Alabandite__0007521.cif,amcsd 0007521
Alabandite__0007522.cif,amcsd 0007522
Alabandite__0007523.cif,amcsd 0007523
Alabandite__0007524.cif,amcsd 0007524
Alabandite__0007525.cif,amcsd 0007525
Alabandite__0007526.cif,amcsd 0007526
Alabandite__0007527.cif,amcsd 0007527
Alabandite__0011353.cif,amcsd 0011353
Alabandite__0018188.cif,amcsd 0018188
Alloclasite__0005134.cif,amcsd 0005134
Altaite__0000005.cif,amcsd 0000005
Altaite__0010040.cif,amcsd 0010040
Altaite__0010041.cif,amcsd 0010041
Altaite__0011374.cif,amcsd 0011374
Andreadiniite__0021372.cif,amcsd 0021372
Andrieslombaardite__0021202.cif,amcsd 0021202
Andrieslombaardite__0021203.cif,amcsd 0021203
Anilite__0009376.cif,amcsd 0009376
Annivite-(Zn)__original__0021724.cif,
Anorpiment__0018526.cif,amcsd 0018526
Antimonselite__0008967.cif,amcsd 0008967
Antimonselite__0009196.cif,amcsd 0009196
Aramayoite__0002821.cif,amcsd 0002821
Argentobaumhauerite__0021367.cif,amcsd 0021367
Argentoliveingite__0021364.cif,amcsd 0021364
Argentopentlandite__0005093.cif,amcsd 0005093
Argentopolybasite__0021361.cif,amcsd 0021361
Argentopolybasite__0021362.cif,amcsd 0021362
Argentopyrite__0004994.cif,amcsd 0004994
Argentotetrahedrite-(Cd)__0021360.cif,amcsd 0021360
Argentotetrahedrite-(Fe)__0000964.cif,amcsd 0000964
Argentotetrahedrite-(Fe)__0014484.cif,amcsd 0014484
Argentotetrahedrite-(Hg)__0021733.cif,amcsd 0021733
Argentotetrahedrite-(Zn)__0014609.cif,amcsd 0014609
Argentotetrahedrite-(Zn)__0021357.cif,amcsd 0021357
Argentotetrahedrite-(Zn)__0021358.cif,amcsd 0021358
Argentotetrahedrite-(Zn)__0021359.cif,amcsd 0021359
Argyrodite__0014663.cif,amcsd 0014663
Arsenohauchecornite__0005222.cif,amcsd 0005222
Arsenopyrite__0000112.cif,amcsd 0000112
Arsenopyrite__0010966.cif,amcsd 0010966
Arsenopyrite__0010967.cif,amcsd 0010967
Arsenopyrite__0016964.cif,amcsd 0016964
Arsenopyrite__0019195.cif,amcsd 0019195
Arsiccioite__0020024.cif,amcsd 0020024
Aschamalmite__0014588.cif,amcsd 0014588
Auerbakhite__0020917.cif,amcsd 0020917
Auroselenide__0021337.cif,amcsd 0021337
Balkanite__0021305.cif,amcsd 0021305
Bartonite__0000824.cif,amcsd 0000824
Baumhauerite__0009265.cif,amcsd 0009265
Baumhauerite__0010683.cif,amcsd 0010683
Baumhauerite__0021366.cif,amcsd 0021366
Baumstarkite__0002820.cif,amcsd 0002820
Benavidesite__0015520.cif,amcsd 0015520
Benjaminite__0005170.cif,amcsd 0005170
Benleonardite__0021293.cif,amcsd 0021293
Bernardite__0014490.cif,amcsd 0014490
Bernarlottiite__0021289.cif,amcsd 0021289
Berndlehmannite__0021789.cif,amcsd 0021789
Berndlehmannite__original__0021789.cif,
Berndtite__0018172.cif,amcsd 0018172
Berryite__0006086.cif,amcsd 0006086
Berthierite__0000014.cif,amcsd 0000014
Berthierite__0000064.cif,amcsd 0000064
Berthierite__0000069.cif,amcsd 0000069
Berthierite__0010254.cif,amcsd 0010254
Berthierite__0010987.cif,amcsd 0010987
Berthierite__0019205.cif,amcsd 0019205
Berthierite__0019206.cif,amcsd 0019206
Berthierite__0019207.cif,amcsd 0019207
Berthierite__0019208.cif,amcsd 0019208
Berthierite__0019209.cif,amcsd 0019209
Berthierite__0019210.cif,amcsd 0019210
Berthierite__0019211.cif,amcsd 0019211
Berzelianite__0010573.cif,amcsd 0010573
Berzelianite__0010574.cif,amcsd 0010574
Berzelianite__0010575.cif,amcsd 0010575
Berzelianite__0010576.cif,amcsd 0010576
Berzelianite__0012163.cif,amcsd 0012163
Berzelianite__0017465.cif,amcsd 0017465
Berzelianite__0019147.cif,amcsd 0019147
Berzelianite__0019148.cif,amcsd 0019148
Berzelianite__0019149.cif,amcsd 0019149
Biagioniite__0021286.cif,amcsd 0021286
Billingsleyite__0006324.cif,amcsd 0006324
Billingsleyite__0013828.cif,amcsd 0013828
Bismuthinite__0003558.cif,amcsd 0003558
Bismuthinite__0003559.cif,amcsd 0003559
Bismuthinite__0003560.cif,amcsd 0003560
Bismuthinite__0003561.cif,amcsd 0003561
Bismuthinite__0003562.cif,amcsd 0003562
Bismuthinite__0003563.cif,amcsd 0003563
Bismuthinite__0003564.cif,amcsd 0003564
Bismuthinite__0008968.cif,amcsd 0008968
Bismuthinite__0009004.cif,amcsd 0009004
Bismuthinite__0009005.cif,amcsd 0009005
Bismuthinite__0009006.cif,amcsd 0009006
Bismuthinite__0009007.cif,amcsd 0009007
Bismuthinite__0009008.cif,amcsd 0009008
Bismuthinite__0009009.cif,amcsd 0009009
Bismuthinite__0009010.cif,amcsd 0009010
Bismuthinite__0009011.cif,amcsd 0009011
Bohdanowiczite__0009217.cif,amcsd 0009217
Bonazziite__0004217.cif,amcsd 0004217
Bonazziite__0004218.cif,amcsd 0004218
Bonazziite__0004219.cif,amcsd 0004219
Bonazziite__0004220.cif,amcsd 0004220
Bonazziite__0004221.cif,amcsd 0004221
Bonazziite__0004222.cif,amcsd 0004222
Bonazziite__0005723.cif,amcsd 0005723
Bonazziite__0012424.cif,amcsd 0012424
Bonazziite__0019017.cif,amcsd 0019017
Bonazziite__0020633.cif,amcsd 0020633
Bornite__0000048.cif,amcsd 0000048
Bornite__0003821.cif,amcsd 0003821
Bornite__0003822.cif,amcsd 0003822
Bornite__0003823.cif,amcsd 0003823
Bornite__0003824.cif,amcsd 0003824
Bornite__0003825.cif,amcsd 0003825
Bornite__0005156.cif,amcsd 0005156
Bornite__0009281.cif,amcsd 0009281
Bornite__0009542.cif,amcsd 0009542
Boulangerite__0000096.cif,amcsd 0000096
Boulangerite__0010118.cif,amcsd 0010118
Boulangerite__0018398.cif,amcsd 0018398
Boulangerite__0019191.cif,amcsd 0019191
Boulangerite__0019740.cif,amcsd 0019740
Bournonite__0010713.cif,amcsd 0010713
Bowieite__0009315.cif,amcsd 0009315
Bowlesite__0021267.cif,amcsd 0021267
Braggite__0009481.cif,amcsd 0009481
Brezinaite__0009201.cif,amcsd 0009201
Briartite__0014274.cif,amcsd 0014274
Brodtkorbite__0021262.cif,amcsd 0021262
Browneite__0011532.cif,amcsd 0011532
Browneite__0018216.cif,amcsd 0018216
Browneite__0019735.cif,amcsd 0019735
Buckhornite__0011084.cif,amcsd 0011084
Bukovite__0018803.cif,amcsd 0018803
Bukovite__0021472.cif,amcsd 0021472
Buseckite__0019081.cif,amcsd 0019081
Cadmoindite__0015766.cif,amcsd 0015766
Cadmoselite__0011541.cif,amcsd 0011541
Cadmoselite__0015178.cif,amcsd 0015178
Cadmoselite__0019175.cif,amcsd 0019175
Calaverite__0009826.cif,amcsd 0009826
Calaverite__0009827.cif,amcsd 0009827
Calaverite__0009860.cif,amcsd 0009860
Calaverite__0009861.cif,amcsd 0009861
Calaverite__0009862.cif,amcsd 0009862
Calaverite__0009863.cif,amcsd 0009863
Calaverite__0009864.cif,amcsd 0009864
Calaverite__0009865.cif,amcsd 0009865
Calaverite__0009866.cif,amcsd 0009866
Calaverite__0009867.cif,amcsd 0009867
Calaverite__0009868.cif,amcsd 0009868
Calaverite__0009869.cif,amcsd 0009869
Calaverite__0010874.cif,amcsd 0010874
Cameronite__0020464.cif,amcsd 0020464
Canfieldite__0019044.cif,amcsd 0019044
Cannizzarite__0006281.cif,amcsd 0006281
Cannizzarite__0009657.cif,amcsd 0009657
Cannizzarite__0019197.cif,amcsd 0019197
Capgaronnite__0001444.cif,amcsd 0001444
Carlinite__0014029.cif,amcsd 0014029
Carlinite__0014030.cif,amcsd 0014030
Carlinite__0015553.cif,amcsd 0015553
Carrollite__0013181.cif,amcsd 0013181
Carrollite__0014234.cif,amcsd 0014234
Carrollite__0014235.cif,amcsd 0014235
Carrollite__0017667.cif,amcsd 0017667
Caswellsilverite__0013300.cif,amcsd 0013300
Caswellsilverite__0013301.cif,amcsd 0013301
Catamarcaite__0006132.cif,amcsd 0006132
Cattierite__0009852.cif,amcsd 0009852
Cattierite__0010814.cif,amcsd 0010814
Cattierite__0010991.cif,amcsd 0010991
Chalcocite__0000864.cif,amcsd 0000864
Chalcocite__0006938.cif,amcsd 0006938
Chalcocite__0010817.cif,amcsd 0010817
Chalcocite__0019202.cif,amcsd 0019202
Chalcopyrite__0009476.cif,amcsd 0009476
Chalcopyrite__0017651.cif,amcsd 0017651
Chalcopyrite__0017661.cif,amcsd 0017661
Chalcopyrite__0018622.cif,amcsd 0018622
Chalcopyrite__0018623.cif,amcsd 0018623
Chalcostibite__0003673.cif,amcsd 0003673
Chalcostibite__0010509.cif,amcsd 0010509
Chalcostibite__0014524.cif,amcsd 0014524
Chalcothallite__0014710.cif,amcsd 0014710
Chlorbartonite__0005834.cif,amcsd 0005834
Chrisstanleyite__0006090.cif,amcsd 0006090
Christite__0010787.cif,amcsd 0010787
Chvilevaite__0015619.cif,amcsd 0015619
Cinnabar__0000007.cif,amcsd 0000007
Cinnabar__0012137.cif,amcsd 0012137
Cinnabar__0018203.cif,amcsd 0018203
Ciriottiite__0020592.cif,amcsd 0020592
Clausthalite__0000004.cif,amcsd 0000004
Clausthalite__0010047.cif,amcsd 0010047
Clausthalite__0010048.cif,amcsd 0010048
Clausthalite__0011373.cif,amcsd 0011373
Clerite__0010988.cif,amcsd 0010988
Clinosulphur__0009945.cif,amcsd 0009945
Cobaltite__0000137.cif,amcsd 0000137
Cobaltite__0000138.cif,amcsd 0000138
Cobaltite__0000883.cif,amcsd 0000883
Cobaltite__0005243.cif,amcsd 0005243
Cobaltpentlandite__0005106.cif,amcsd 0005106
Cobaltpentlandite__0018076.cif,amcsd 0018076
Coloradoite__0011528.cif,amcsd 0011528
Coloradoite__0017442.cif,amcsd 0017442
Coloradoite__0017666.cif,amcsd 0017666
Colusite__0001671.cif,amcsd 0001671
Colusite__0014060.cif,amcsd 0014060
Colusite__0014061.cif,amcsd 0014061
Colusite__0014062.cif,amcsd 0014062
Cooperite__0012398.cif,amcsd 0012398
Cooperite__0012399.cif,amcsd 0012399
Cooperite__0012400.cif,amcsd 0012400
Cooperite__0012401.cif,amcsd 0012401
Cooperite__0012402.cif,amcsd 0012402
Cooperite__0012403.cif,amcsd 0012403
Cooperite__0012404.cif,amcsd 0012404
Cooperite__0012405.cif,amcsd 0012405
Cooperite__0012406.cif,amcsd 0012406
Cooperite__0012407.cif,amcsd 0012407
Cooperite__0012408.cif,amcsd 0012408
Cooperite__0018175.cif,amcsd 0018175
Corderoite__0009337.cif,amcsd 0009337
Cosalite__0010765.cif,amcsd 0010765
Cosalite__0017816.cif,amcsd 0017816
Cosalite__0017817.cif,amcsd 0017817
Cosalite__0017818.cif,amcsd 0017818
Cosalite__0017819.cif,amcsd 0017819
Cosalite__0017820.cif,amcsd 0017820
Cosalite__0017821.cif,amcsd 0017821
Costibite__0005114.cif,amcsd 0005114
Covellite__0000065.cif,amcsd 0000065
Covellite__0000534.cif,amcsd 0000534
Covellite__0010940.cif,amcsd 0010940
Covellite__0010941.cif,amcsd 0010941
Covellite__0010942.cif,amcsd 0010942
Covellite__0010943.cif,amcsd 0010943
Covellite__0010944.cif,amcsd 0010944
Covellite__0010979.cif,amcsd 0010979
Covellite__0010980.cif,amcsd 0010980
Covellite__0010981.cif,amcsd 0010981
Covellite__0014418.cif,amcsd 0014418
Covellite__0015657.cif,amcsd 0015657
Covellite__0017645.cif,amcsd 0017645
Covellite__0017675.cif,amcsd 0017675
Crerarite__0018370.cif,amcsd 0018370
Crookesite__0013691.cif,amcsd 0013691
Crookesite__0013692.cif,amcsd 0013692
Crookesite__0013693.cif,amcsd 0013693
Cubanite__0000042.cif,amcsd 0000042
Cubanite__0000068.cif,amcsd 0000068
Cubanite__0001533.cif,amcsd 0001533
Cubanite__0001534.cif,amcsd 0001534
Cubanite__0001535.cif,amcsd 0001535
Cubanite__0001536.cif,amcsd 0001536
Cubanite__0010719.cif,amcsd 0010719
Cubanite__0010720.cif,amcsd 0010720
Cuboargyrite__0009223.cif,amcsd 0009223
Cuprobismutite__0005923.cif,amcsd 0005923
Cuproiridsite__0014172.cif,amcsd 0014172
Cuproiridsite__0014173.cif,amcsd 0014173
Cuprokalininite__0012907.cif,amcsd 0012907
Cuprokalininite__0013422.cif,amcsd 0013422
Cuprokalininite__0013423.cif,amcsd 0013423
Cuprokalininite__0013424.cif,amcsd 0013424
Cuprokalininite__0013425.cif,amcsd 0013425
Cuprokalininite__0013444.cif,amcsd 0013444
Cuprokalininite__0013445.cif,amcsd 0013445
Cuprokalininite__0013446.cif,amcsd 0013446
Cuprokalininite__0013447.cif,amcsd 0013447
Cuprokalininite__0013448.cif,amcsd 0013448
Cuprokalininite__0013449.cif,amcsd 0013449
Cuprokalininite__0013450.cif,amcsd 0013450
Cuprokalininite__0018335.cif,amcsd 0018335
Cupromakopavonite__0019215.cif,amcsd 0019215
Cupromakovickyite__0006187.cif,amcsd 0006187
Cuproneyite__0019214.cif,amcsd 0019214
Cupropearceite__0015712.cif,amcsd 0015712
Cupropolybasite__0014581.cif,amcsd 0014581
Cuprorhodsite__0013436.cif,amcsd 0013436
Dadsonite__0006133.cif,amcsd 0006133
Dadsonite__0006134.cif,amcsd 0006134
Dalnegroite__0020126.cif,amcsd 0020126
Dantopaite__0006280.cif,amcsd 0006280
Daomanite__0019982.cif,amcsd 0019982
Daomanite__0019983.cif,amcsd 0019983
Debattistiite__0018994.cif,amcsd 0018994
Demicheleite-(Br)__0004679.cif,amcsd 0004679
Demicheleite-(Cl)__0004960.cif,amcsd 0004960
Dervillite__0019987.cif,amcsd 0019987
Dervillite__0021793.cif,amcsd 0021793
Dervillite__0021794.cif,amcsd 0021794
Diaphorite__0006959.cif,amcsd 0006959
Digenite__0000082.cif,amcsd 0000082
Digenite__0000121.cif,amcsd 0000121
Digenite__0006937.cif,amcsd 0006937
Digenite__0006939.cif,amcsd 0006939
Digenite__0006940.cif,amcsd 0006940
Digenite__0019150.cif,amcsd 0019150
Digenite__0019151.cif,amcsd 0019151
Dimorphite__0014106.cif,amcsd 0014106
Disulfodadsonite__0020026.cif,amcsd 0020026
Djurleite__0010818.cif,amcsd 0010818
Djurleite__0019203.cif,amcsd 0019203
Eclarite__0015698.cif,amcsd 0015698
Eclarite__0019708.cif,amcsd 0019708
Edenharterite__0010861.cif,amcsd 0010861
Edenharterite__0015410.cif,amcsd 0015410
Edgarite__0013199.cif,amcsd 0013199
Ehrigite__original__0021730.cif,
Ellisite__0010824.cif,amcsd 0010824
Emilite__0005769.cif,amcsd 0005769
Emplectite__0003674.cif,amcsd 0003674
Emplectite__0014523.cif,amcsd 0014523
Empressite__0003585.cif,amcsd 0003585
Enargite__0009381.cif,amcsd 0009381
Enargite__0010518.cif,amcsd 0010518
Enargite__0011108.cif,amcsd 0011108
Enargite__0014370.cif,amcsd 0014370
Enargite__0014921.cif,amcsd 0014921
Erazoite__0020419.cif,amcsd 0020419
Erlichmanite__0011029.cif,amcsd 0011029
Erlichmanite__0017725.cif,amcsd 0017725
Erniggliite__0015406.cif,amcsd 0015406
Eskebornite__0014365.cif,amcsd 0014365
Eucairite__0010578.cif,amcsd 0010578
Eucairite__0010579.cif,amcsd 0010579
Famatinite__0009468.cif,amcsd 0009468
Famatinite__0011106.cif,amcsd 0011106
Fangite__0001617.cif,amcsd 0001617
Felbertalite__0006838.cif,amcsd 0006838
Ferrodimolybdenite__0021731.cif,amcsd 0021731
Ferrofettelite__0018797.cif,amcsd 0018797
Ferroselite__0011936.cif,amcsd 0011936
Ferroselite__0013331.cif,amcsd 0013331
Ferroselite__0015754.cif,amcsd 0015754
Ferroselite__0020709.cif,amcsd 0020709
Ferroselite__0020710.cif,amcsd 0020710
Ferroselite__0020711.cif,amcsd 0020711
Ferroselite__0020712.cif,amcsd 0020712
Ferroselite__0020713.cif,amcsd 0020713
Ferroselite__0020714.cif,amcsd 0020714
Ferroselite__0020715.cif,amcsd 0020715
Ferroselite__0020716.cif,amcsd 0020716
Ferroselite__0020717.cif,amcsd 0020717
Ferroselite__0020718.cif,amcsd 0020718
Ferroselite__0020719.cif,amcsd 0020719
Ferroselite__0020720.cif,amcsd 0020720
Ferroselite__0020721.cif,amcsd 0020721
Ferrostalderite__0020619.cif,amcsd 0020619
Fettelite__0004906.cif,amcsd 0004906
Fettelite__0018798.cif,amcsd 0018798
Fischesserite__0005994.cif,amcsd 0005994
Florensovite__0015897.cif,amcsd 0015897
Freboldite__0011564.cif,amcsd 0011564
Freieslebenite__0010582.cif,amcsd 0010582
Freieslebenite__0010760.cif,amcsd 0010760
Frohbergite__0015753.cif,amcsd 0015753
Fukuchilite__0001276.cif,amcsd 0001276
Gabrielite__0006071.cif,amcsd 0006071
Gachingite__0021061.cif,amcsd 0021061
Galena__0000003.cif,amcsd 0000003
Galena__0010042.cif,amcsd 0010042
Galena__0010043.cif,amcsd 0010043
Galena__0010044.cif,amcsd 0010044
Galena__0010045.cif,amcsd 0010045
Galena__0010046.cif,amcsd 0010046
Galena__0011372.cif,amcsd 0011372
Galenobismutite__0006073.cif,amcsd 0006073
Galenobismutite__0006084.cif,amcsd 0006084
Galenobismutite__0006085.cif,amcsd 0006085
Galenobismutite__0006326.cif,amcsd 0006326
Galenobismutite__0009086.cif,amcsd 0009086
Galenobismutite__0009087.cif,amcsd 0009087
Galenobismutite__0009088.cif,amcsd 0009088
Galenobismutite__0009089.cif,amcsd 0009089
Galenobismutite__0009090.cif,amcsd 0009090
Galenobismutite__0009091.cif,amcsd 0009091
Galenobismutite__0009092.cif,amcsd 0009092
Galenobismutite__0009093.cif,amcsd 0009093
Galenobismutite__0009094.cif,amcsd 0009094
Galenobismutite__0009095.cif,amcsd 0009095
Galkhaite__0005182.cif,amcsd 0005182
Gallite__0013004.cif,amcsd 0013004
Gallite__0015449.cif,amcsd 0015449
Garavellite__0014648.cif,amcsd 0014648
Geocronite__0000530.cif,amcsd 0000530
Geocronite__0020595.cif,amcsd 0020595
Germanite__0000959.cif,amcsd 0000959
Gersdorffite__0014008.cif,amcsd 0014008
Gersdorffite__0014444.cif,amcsd 0014444
Getchellite__0003539.cif,amcsd 0003539
Getchellite__0009491.cif,amcsd 0009491
Gillulyite__0001733.cif,amcsd 0001733
Gladite__0005780.cif,amcsd 0005780
Gladite__0005781.cif,amcsd 0005781
Gladite__0006075.cif,amcsd 0006075
Gladite__0006076.cif,amcsd 0006076
Gladite__0006077.cif,amcsd 0006077
Gladite__0006078.cif,amcsd 0006078
Gladite__0009571.cif,amcsd 0009571
Gladite__0014751.cif,amcsd 0014751
Glaucodot__0004616.cif,amcsd 0004616
Godlevskite__0010055.cif,amcsd 0010055
Goldfieldite__0014878.cif,amcsd 0014878
Goldfieldite__0014879.cif,amcsd 0014879
Goldfieldite__0014880.cif,amcsd 0014880
Goldfieldite__0014881.cif,amcsd 0014881
Goldfieldite__0014882.cif,amcsd 0014882
Gratonite__0010673.cif,amcsd 0010673
Grechishchevite__0005919.cif,amcsd 0005919
Greenockite__0011540.cif,amcsd 0011540
Greenockite__0015177.cif,amcsd 0015177
Greenockite__0017955.cif,amcsd 0017955
Greigite__0000127.cif,amcsd 0000127
Grimmite__0020969.cif,amcsd 0020969
Grokhovskyite__0013304.cif,amcsd 0013304
Grokhovskyite__0013305.cif,amcsd 0013305
Grumiplucite__0009710.cif,amcsd 0009710
Guanajuatite__0008969.cif,amcsd 0008969
Guanajuatite__0014181.cif,amcsd 0014181
Gudmundite__0000020.cif,amcsd 0000020
Gudmundite__0000021.cif,amcsd 0000021
Gudmundite__0017944.cif,amcsd 0017944
Guettardite__0019213.cif,amcsd 0019213
Gustavite__0011039.cif,amcsd 0011039
Gustavite__0017602.cif,amcsd 0017602
Gustavite__0018646.cif,amcsd 0018646
Hammarite__0005129.cif,amcsd 0005129
Hanauerite__0021231.cif,amcsd 0021231
Hanauerite__0021232.cif,amcsd 0021232
Hanswilkeite__0016249.cif,amcsd 0016249
Hanswilkeite__0016251.cif,amcsd 0016251
Hanswilkeite__0016581.cif,amcsd 0016581
Hatchite__0010647.cif,amcsd 0010647
Hauchecornite__0005099.cif,amcsd 0005099
Hauerite__0010545.cif,amcsd 0010545
Hauerite__0018103.cif,amcsd 0018103
Hawleyite__0000070.cif,amcsd 0000070
Hawleyite__0000111.cif,amcsd 0000111
Hawleyite__0011517.cif,amcsd 0011517
Hawleyite__0018113.cif,amcsd 0018113
Hawleyite__0018121.cif,amcsd 0018121
Haycockite__0009539.cif,amcsd 0009539
Heazlewoodite__0000575.cif,amcsd 0000575
Heazlewoodite__0009709.cif,amcsd 0009709
Heazlewoodite__0018112.cif,amcsd 0018112
Henryite__0020215.cif,amcsd 0020215
Herzenbergite__0010837.cif,amcsd 0010837
Herzenbergite__0011463.cif,amcsd 0011463
Herzenbergite__0018115.cif,amcsd 0018115
Hessite__0011030.cif,amcsd 0011030
Heteromorphite__0010822.cif,amcsd 0010822
Heteromorphite__0014753.cif,amcsd 0014753
Hutchinsonite__0010621.cif,amcsd 0010621
Hutchinsonite__0011062.cif,amcsd 0011062
Ikunolite__0014412.cif,amcsd 0014412
Imhofite__0010785.cif,amcsd 0010785
Imiterite__0012085.cif,amcsd 0012085
Indite__0015769.cif,amcsd 0015769
Ingodite__0001347.cif,amcsd 0001347
Ishiharaite__0020262.cif,amcsd 0020262
Isocubanite__0010766.cif,amcsd 0010766
Izoklakeite__0001112.cif,amcsd 0001112
Izoklakeite__0018392.cif,amcsd 0018392
Jacutingaite__0019200.cif,amcsd 0019200
Jaipurite__0011562.cif,amcsd 0011562
Jaipurite__0017941.cif,amcsd 0017941
Jalpaite__0012059.cif,amcsd 0012059
Jamesonite__0010581.cif,amcsd 0010581
Jamesonite__0015519.cif,amcsd 0015519
Jamesonite__0018283.cif,amcsd 0018283
Jentschite__0015411.cif,amcsd 0015411
Jolliffeite__0014010.cif,amcsd 0014010
Jordanite__0010762.cif,amcsd 0010762
Jordanite__0020593.cif,amcsd 0020593
Jordanite__0020594.cif,amcsd 0020594
Junoite__0000465.cif,amcsd 0000465
Kalgoorlieite__0020521.cif,amcsd 0020521
Kalgoorlieite__0020522.cif,amcsd 0020522
Kalgoorlieite__0020523.cif,amcsd 0020523
Kalgoorlieite__0020524.cif,amcsd 0020524
Kalininite__0008103.cif,amcsd 0008103
Kalininite__0008104.cif,amcsd 0008104
Kalininite__0008105.cif,amcsd 0008105
Kalininite__0008106.cif,amcsd 0008106
Kalininite__0012908.cif,amcsd 0012908
Kalungaite__0014013.cif,amcsd 0014013
Kanatzidisite__0021227.cif,amcsd 0021227
Kawazulite__0013193.cif,amcsd 0013193
Keilite__0004274.cif,amcsd 0004274
Keilite__0005801.cif,amcsd 0005801
Kenhsuite__0009347.cif,amcsd 0009347
Kenhsuite__0009348.cif,amcsd 0009348
Kenhsuite__0009349.cif,amcsd 0009349
Kenoargentotetrahedrite-(Fe)__0014610.cif,amcsd 0014610
Kenoargentotetrahedrite-(Fe)__0021071.cif,amcsd 0021071
Kenoargentotetrahedrite-(Zn)__0021447.cif,amcsd 0021447
Kenorozhdestvenskayaite-(Fe)__0021482.cif,amcsd 0021482
Kingstonite__0014575.cif,amcsd 0014575
Kirkiite__0006074.cif,amcsd 0006074
Kirkiite__0007156.cif,amcsd 0007156
Klockmannite__0000066.cif,amcsd 0000066
Kobellite__0014683.cif,amcsd 0014683
Kochkarite__0015543.cif,amcsd 0015543
Kochkarite__0015545.cif,amcsd 0015545
Krennerite__0000052.cif,amcsd 0000052
Krennerite__0015699.cif,amcsd 0015699
Krennerite__0019042.cif,amcsd 0019042
Krupkaite__0000456.cif,amcsd 0000456
Krupkaite__0005782.cif,amcsd 0005782
Krupkaite__0005783.cif,amcsd 0005783
Krupkaite__0005784.cif,amcsd 0005784
Krupkaite__0005785.cif,amcsd 0005785
Krupkaite__0006081.cif,amcsd 0006081
Krupkaite__0014750.cif,amcsd 0014750
Kudriavite__0006143.cif,amcsd 0006143
Kuramite__0013950.cif,amcsd 0013950
Laffittite__0000889.cif,amcsd 0000889
Laffittite__0017799.cif,amcsd 0017799
Laphamite__0006181.cif,amcsd 0006181
Laphamite__0006182.cif,amcsd 0006182
Laphamite__0010945.cif,amcsd 0010945
Laurite__0010195.cif,amcsd 0010195
Laurite__0017724.cif,amcsd 0017724
Lautite__0009298.cif,amcsd 0009298
Lautite__0010484.cif,amcsd 0010484
Lautite__0018614.cif,amcsd 0018614
Lazerckerite__0021475.cif,amcsd 0021475
Lenaite__0006082.cif,amcsd 0006082
Linnaeite__0015751.cif,amcsd 0015751
Linnaeite__0017957.cif,amcsd 0017957
Lisiguangite__0011980.cif,amcsd 0011980
Litochlebite__0018384.cif,amcsd 0018384
Liveingite__0009266.cif,amcsd 0009266
Liveingite__0021363.cif,amcsd 0021363
Liveingite__0021365.cif,amcsd 0021365
Livingstonite__0010580.cif,amcsd 0010580
Livingstonite__0010773.cif,amcsd 0010773
Livingstonite__0020982.cif,amcsd 0020982
Luberoite__0014140.cif,amcsd 0014140
Lukkulaisvaaraite__0020606.cif,amcsd 0020606
Luzonite__0010631.cif,amcsd 0010631
Luzonite__0011107.cif,amcsd 0011107
Mackinawite__0014518.cif,amcsd 0014518
Manganoquadratite__0019063.cif,amcsd 0019063
Marcasite__0000008.cif,amcsd 0000008
Marcasite__0012726.cif,amcsd 0012726
Marcasite__0012727.cif,amcsd 0012727
Marcasite__0017921.cif,amcsd 0017921
Marrite__0010652.cif,amcsd 0010652
Marrucciite__0007219.cif,amcsd 0007219
Marrucciite__0019228.cif,amcsd 0019228
Maslovite__0001277.cif,amcsd 0001277
Matildite__0009218.cif,amcsd 0009218
Mattagamite__0015752.cif,amcsd 0015752
Mawsonite__0005128.cif,amcsd 0005128
Mckinstryite__0014598.cif,amcsd 0014598
Melonite__0000033.cif,amcsd 0000033
Melonite__0011792.cif,amcsd 0011792
Menchettiite__0018781.cif,amcsd 0018781
Menchettiite__0018782.cif,amcsd 0018782
Meneghinite__0010585.cif,amcsd 0010585
Merenskyite__0011794.cif,amcsd 0011794
Metacinnabar__0011526.cif,amcsd 0011526
Metacinnabar__0018202.cif,amcsd 0018202
Mgriite__0005251.cif,amcsd 0005251
Miargyrite__0002822.cif,amcsd 0002822
Miargyrite__0009285.cif,amcsd 0009285
Miargyrite__0014529.cif,amcsd 0014529
Michenerite__0005092.cif,amcsd 0005092
Miharaite__0012478.cif,amcsd 0012478
Millerite__0005097.cif,amcsd 0005097
Millerite__0005098.cif,amcsd 0005098
Millerite__0017358.cif,amcsd 0017358
Millerite__0017942.cif,amcsd 0017942
Milotaite__0006003.cif,amcsd 0006003
Milotaite__0014014.cif,amcsd 0014014
Molybdenite__0009788.cif,amcsd 0009788
Molybdenite__0009789.cif,amcsd 0009789
Molybdenite__0011823.cif,amcsd 0011823
Molybdenite__0017908.cif,amcsd 0017908
Molybdenite__0018136.cif,amcsd 0018136
Mooihoekite__0009489.cif,amcsd 0009489
Murchisite__0009198.cif,amcsd 0009198
Murunskite__0014368.cif,amcsd 0014368
Murunskite__0017729.cif,amcsd 0017729
Muthmannite__0003649.cif,amcsd 0003649
Mutnovskite__0003993.cif,amcsd 0003993
Naumannite__0000262.cif,amcsd 0000262
Neyite__0005753.cif,amcsd 0005753
Niningerite__0011350.cif,amcsd 0011350
Nowackiite__0010640.cif,amcsd 0010640
Nuffieldite__0005532.cif,amcsd 0005532
Nukundamite__0000828.cif,amcsd 0000828
Ognitite__0020948.cif,amcsd 0020948
Okruginite__0021555.cif,amcsd 0021555
Oldhamite__0011284.cif,amcsd 0011284
Oldhamite__0018102.cif,amcsd 0018102
Orpiment__0010733.cif,amcsd 0010733
Orpiment__0014411.cif,amcsd 0014411
Orthogersdorffite__0000884.cif,amcsd 0000884
Ottemannite__0009775.cif,amcsd 0009775
Owyheeite__0007225.cif,amcsd 0007225
Paarite__0005754.cif,amcsd 0005754
Paarite__0006080.cif,amcsd 0006080
Palladseite__0009271.cif,amcsd 0009271
Palladseite__0009272.cif,amcsd 0009272
Palladseite__0009273.cif,amcsd 0009273
Panskyite__0020960.cif,amcsd 0020960
Paracostibite__0005115.cif,amcsd 0005115
Paradimorphite__0014104.cif,amcsd 0014104
Paragersdorffite__0000168.cif,amcsd 0000168
Paraguanajuatite__0013195.cif,amcsd 0013195
Parapierrotite__0010823.cif,amcsd 0010823
Pararealgar__0001734.cif,amcsd 0001734
Pararealgar__0015782.cif,amcsd 0015782
Parasterryite__0019483.cif,amcsd 0019483
Pautovite__0014041.cif,amcsd 0014041
Pautovite__0014045.cif,amcsd 0014045
Pautovite__0014048.cif,amcsd 0014048
Pavonite__0005141.cif,amcsd 0005141
Pearceite__0006140.cif,amcsd 0006140
Pearceite__0006142.cif,amcsd 0006142
Pearceite__0009933.cif,amcsd 0009933
Pearceite__0009934.cif,amcsd 0009934
Pearceite__0009935.cif,amcsd 0009935
Pekoite__0005123.cif,amcsd 0005123
Pentlandite__0000079.cif,amcsd 0000079
Pentlandite__0000437.cif,amcsd 0000437
Pentlandite__0000438.cif,amcsd 0000438
Pentlandite__0000439.cif,amcsd 0000439
Pentlandite__0000440.cif,amcsd 0000440
Pentlandite__0000441.cif,amcsd 0000441
Pentlandite__0000442.cif,amcsd 0000442
Pentlandite__0000443.cif,amcsd 0000443
Pentlandite__0004226.cif,amcsd 0004226
Pentlandite__0004227.cif,amcsd 0004227
Pentlandite__0004228.cif,amcsd 0004228
Pentlandite__0004229.cif,amcsd 0004229
Pentlandite__0005094.cif,amcsd 0005094
Pentlandite__0005095.cif,amcsd 0005095
Pentlandite__0005096.cif,amcsd 0005096
Pentlandite__0007699.cif,amcsd 0007699
Pentlandite__0007700.cif,amcsd 0007700
Pentlandite__0007701.cif,amcsd 0007701
Pentlandite__0007702.cif,amcsd 0007702
Pentlandite__0007703.cif,amcsd 0007703
Pentlandite__0007704.cif,amcsd 0007704
Pentlandite__0007705.cif,amcsd 0007705
Pentlandite__0007706.cif,amcsd 0007706
Pentlandite__0007707.cif,amcsd 0007707
Pentlandite__0007708.cif,amcsd 0007708
Pentlandite__0007709.cif,amcsd 0007709
Pentlandite__0007710.cif,amcsd 0007710
Pentlandite__0007711.cif,amcsd 0007711
Pentlandite__0007712.cif,amcsd 0007712
Pentlandite__0007713.cif,amcsd 0007713
Pentlandite__0007714.cif,amcsd 0007714
Pentlandite__0007715.cif,amcsd 0007715
Pentlandite__0007716.cif,amcsd 0007716
Pentlandite__0007717.cif,amcsd 0007717
Pentlandite__0007718.cif,amcsd 0007718
Pentlandite__0007719.cif,amcsd 0007719
Pentlandite__0007720.cif,amcsd 0007720
Pentlandite__0007721.cif,amcsd 0007721
Pentlandite__0007722.cif,amcsd 0007722
Pentlandite__0007723.cif,amcsd 0007723
Pentlandite__0007724.cif,amcsd 0007724
Pentlandite__0007725.cif,amcsd 0007725
Pentlandite__0018056.cif,amcsd 0018056
Pentlandite__0018077.cif,amcsd 0018077
Pentlandite__0018078.cif,amcsd 0018078
Perroudite__0001135.cif,amcsd 0001135
Petzite__0000087.cif,amcsd 0000087
Philrothite__0020025.cif,amcsd 0020025
Picotpaulite__0011971.cif,amcsd 0011971
Pierrotite__0010859.cif,amcsd 0010859
Pilsenite__0009659.cif,amcsd 0009659
Pirquitasite__0019767.cif,amcsd 0019767
Pizgrischite__0006155.cif,amcsd 0006155
Plagionite__0010763.cif,amcsd 0010763
Pokhodyashinite__0021064.cif,amcsd 0021064
Polybasite__0004814.cif,amcsd 0004814
Polybasite__0019922.cif,amcsd 0019922
Polydymite__0012049.cif,amcsd 0012049
Proudite__0000526.cif,amcsd 0000526
Proudite__0006273.cif,amcsd 0006273
Proustite__0014938.cif,amcsd 0014938
Proustite__0014939.cif,amcsd 0014939
Proustite__0014940.cif,amcsd 0014940
Proustite__0018040.cif,amcsd 0018040
Proustite__0018082.cif,amcsd 0018082
Putzite__0005995.cif,amcsd 0005995
Pyrargyrite__0013027.cif,amcsd 0013027
Pyrargyrite__0014730.cif,amcsd 0014730
Pyrargyrite__0018041.cif,amcsd 0018041
Pyrargyrite__0018083.cif,amcsd 0018083
Pyrite__0000006.cif,amcsd 0000006
Pyrite__0000605.cif,amcsd 0000605
Pyrite__0000606.cif,amcsd 0000606
Pyrite__0007752.cif,amcsd 0007752
Pyrite__0007753.cif,amcsd 0007753
Pyrite__0012728.cif,amcsd 0012728
Pyrite__0012729.cif,amcsd 0012729
Pyrite__0012730.cif,amcsd 0012730
Pyrite__0017728.cif,amcsd 0017728
Pyrostilpnite__0014734.cif,amcsd 0014734
Pyrrhotite__0000288.cif,amcsd 0000288
Pyrrhotite__0004985.cif,amcsd 0004985
Pyrrhotite__0005000.cif,amcsd 0005000
Pyrrhotite__0005001.cif,amcsd 0005001
Pyrrhotite__0018053.cif,amcsd 0018053
Pyrrhotite__0018054.cif,amcsd 0018054
Pyrrhotite__0020604.cif,amcsd 0020604
Pyrrhotite__0020605.cif,amcsd 0020605
Pyrrhotite__0020728.cif,amcsd 0020728
Pyrrhotite__0020729.cif,amcsd 0020729
Pyrrhotite__0020730.cif,amcsd 0020730
Quadratite__0019742.cif,amcsd 0019742
Quatrandorite__0019736.cif,amcsd 0019736
Raberite__0019616.cif,amcsd 0019616
Radtkeite__0005926.cif,amcsd 0005926
Raguinite__0013236.cif,amcsd 0013236
Ralphcannonite__0020618.cif,amcsd 0020618
Rambergite__0010364.cif,amcsd 0010364
Rambergite__0011549.cif,amcsd 0011549
Rasvumite__0000782.cif,amcsd 0000782
Rasvumite__0014044.cif,amcsd 0014044
Rasvumite__0014046.cif,amcsd 0014046
Rasvumite__0014047.cif,amcsd 0014047
Realgar__0003933.cif,amcsd 0003933
Realgar__0003934.cif,amcsd 0003934
Realgar__0003935.cif,amcsd 0003935
Realgar__0003936.cif,amcsd 0003936
Realgar__0003937.cif,amcsd 0003937
Realgar__0004856.cif,amcsd 0004856
Realgar__0004857.cif,amcsd 0004857
Realgar__0004858.cif,amcsd 0004858
Realgar__0004859.cif,amcsd 0004859
Realgar__0004860.cif,amcsd 0004860
Realgar__0004861.cif,amcsd 0004861
Realgar__0004862.cif,amcsd 0004862
Realgar__0004863.cif,amcsd 0004863
Realgar__0004864.cif,amcsd 0004864
Realgar__0004865.cif,amcsd 0004865
Realgar__0004866.cif,amcsd 0004866
Realgar__0004867.cif,amcsd 0004867
Realgar__0004868.cif,amcsd 0004868
Realgar__0004869.cif,amcsd 0004869
Realgar__0004870.cif,amcsd 0004870
Realgar__0004871.cif,amcsd 0004871
Realgar__0004872.cif,amcsd 0004872
Realgar__0004873.cif,amcsd 0004873
Realgar__0004874.cif,amcsd 0004874
Realgar__0004877.cif,amcsd 0004877
Realgar__0004882.cif,amcsd 0004882
Realgar__0009149.cif,amcsd 0009149
Realgar__0010732.cif,amcsd 0010732
Realgar__0011671.cif,amcsd 0011671
Realgar__0019366.cif,amcsd 0019366
Realgar__0019367.cif,amcsd 0019367
Realgar__0019368.cif,amcsd 0019368
Realgar__0019369.cif,amcsd 0019369
Realgar__0019370.cif,amcsd 0019370
Realgar__0019371.cif,amcsd 0019371
Realgar__0019372.cif,amcsd 0019372
Realgar__0019373.cif,amcsd 0019373
Rebulite__0010849.cif,amcsd 0010849
Rhodostannite__0009688.cif,amcsd 0009688
Richardsollyite__0021485.cif,amcsd 0021485
Rickardite__0000047.cif,amcsd 0000047
Robinsonite__0010117.cif,amcsd 0010117
Roquesite__0013005.cif,amcsd 0013005
Roquesite__0015450.cif,amcsd 0015450
Routhierite__0010482.cif,amcsd 0010482
Roxbyite__0019199.cif,amcsd 0019199
Rucklidgeite__0015894.cif,amcsd 0015894
Rudashevskyite__0004582.cif,amcsd 0004582
Rudashevskyite__0004583.cif,amcsd 0004583
Rudashevskyite__0004584.cif,amcsd 0004584
Salzburgite__0006079.cif,amcsd 0006079
Samsonite__0004356.cif,amcsd 0004356
Samsonite__0004357.cif,amcsd 0004357
Samsonite__0004358.cif,amcsd 0004358
Samsonite__0004359.cif,amcsd 0004359
Samsonite__0004360.cif,amcsd 0004360
Samsonite__0010764.cif,amcsd 0010764
Samsonite__0016151.cif,amcsd 0016151
Sartorite__0002988.cif,amcsd 0002988
Schlemaite__0005918.cif,amcsd 0005918
Sederholmite__0011582.cif,amcsd 0011582
Sederholmite__0011904.cif,amcsd 0011904
Sederholmite__0011905.cif,amcsd 0011905
Sederholmite__0011906.cif,amcsd 0011906
Sederholmite__0011907.cif,amcsd 0011907
Sederholmite__0018201.cif,amcsd 0018201
Selenium__0009152.cif,amcsd 0009152
Selenium__0009424.cif,amcsd 0009424
Selenium__0011257.cif,amcsd 0011257
Selenium__0011259.cif,amcsd 0011259
Selenium__0011260.cif,amcsd 0011260
Selenium__0012427.cif,amcsd 0012427
Selenium__0012674.cif,amcsd 0012674
Selenium__0012739.cif,amcsd 0012739
Selenium__0012740.cif,amcsd 0012740
Selenium__0012741.cif,amcsd 0012741
Selenium__0012742.cif,amcsd 0012742
Selenium__0012743.cif,amcsd 0012743
Selenium__0012744.cif,amcsd 0012744
Selenium__0012745.cif,amcsd 0012745
Selenium__0012746.cif,amcsd 0012746
Selenium__0012747.cif,amcsd 0012747
Selenium__0012748.cif,amcsd 0012748
Selenium__0012749.cif,amcsd 0012749
Selenium__0012750.cif,amcsd 0012750
Selenium__0012751.cif,amcsd 0012751
Selenium__0012752.cif,amcsd 0012752
Selenium__0012753.cif,amcsd 0012753
Selenium__0015161.cif,amcsd 0015161
Selenium__0015162.cif,amcsd 0015162
Selenium__0015163.cif,amcsd 0015163
Selenium__0015164.cif,amcsd 0015164
Selenium__0015165.cif,amcsd 0015165
Selenium__0015166.cif,amcsd 0015166
Selenium__0015167.cif,amcsd 0015167
Seligmannite__0010700.cif,amcsd 0010700
Seligmannite__0010715.cif,amcsd 0010715
Semseyite__0000427.cif,amcsd 0000427
Senandorite__0010974.cif,amcsd 0010974
Senandorite__0014745.cif,amcsd 0014745
Shandite__0000051.cif,amcsd 0000051
Shiranuiite__0013431.cif,amcsd 0013431
Shiranuiite__0013432.cif,amcsd 0013432
Shiranuiite__0013433.cif,amcsd 0013433
Shiranuiite__0013434.cif,amcsd 0013434
Shiranuiite__0013435.cif,amcsd 0013435
Shiranuiite__0013443.cif,amcsd 0013443
Shuangfengite__0011785.cif,amcsd 0011785
Sicherite__0002673.cif,amcsd 0002673
Siegenite__0012158.cif,amcsd 0012158
Siegenite__0012159.cif,amcsd 0012159
Simonite__0010851.cif,amcsd 0010851
Sinnerite__0000475.cif,amcsd 0000475
Sinnerite__0020208.cif,amcsd 0020208
Skinnerite__0005434.cif,amcsd 0005434
Skippenite__0005942.cif,amcsd 0005942
Skippenite__0013194.cif,amcsd 0013194
Smithite__0014690.cif,amcsd 0014690
Sperrylite__0005169.cif,amcsd 0005169
Sphalerite__0000110.cif,amcsd 0000110
Sphalerite__0017595.cif,amcsd 0017595
Sphalerite__0018098.cif,amcsd 0018098
Sphalerite__0018099.cif,amcsd 0018099
Sphalerite__0018328.cif,amcsd 0018328
Spryite__0020943.cif,amcsd 0020943
Stalderite__0015409.cif,amcsd 0015409
Stangersite__0006896.cif,amcsd 0006896
Stannite__0005152.cif,amcsd 0005152
Stannite__0005838.cif,amcsd 0005838
Stannite__0005839.cif,amcsd 0005839
Stannite__0005840.cif,amcsd 0005840
Stannite__0010546.cif,amcsd 0010546
Stannoidite__0010783.cif,amcsd 0010783
Stephanite__0009367.cif,amcsd 0009367
Stephanite__0014585.cif,amcsd 0014585
Sternbergite__0014818.cif,amcsd 0014818
Sterryite__0019482.cif,amcsd 0019482
Stibnite__0003549.cif,amcsd 0003549
Stibnite__0003550.cif,amcsd 0003550
Stibnite__0003551.cif,amcsd 0003551
Stibnite__0003552.cif,amcsd 0003552
Stibnite__0003553.cif,amcsd 0003553
Stibnite__0003554.cif,amcsd 0003554
Stibnite__0003555.cif,amcsd 0003555
Stibnite__0003556.cif,amcsd 0003556
Stibnite__0003557.cif,amcsd 0003557
Stibnite__0008633.cif,amcsd 0008633
Stibnite__0008634.cif,amcsd 0008634
Stibnite__0008635.cif,amcsd 0008635
Stibnite__0008636.cif,amcsd 0008636
Stibnite__0008825.cif,amcsd 0008825
Stibnite__0008826.cif,amcsd 0008826
Stibnite__0008827.cif,amcsd 0008827
Stibnite__0008828.cif,amcsd 0008828
Stibnite__0008829.cif,amcsd 0008829
Stibnite__0008830.cif,amcsd 0008830
Stibnite__0008831.cif,amcsd 0008831
Stibnite__0008966.cif,amcsd 0008966
Stibnite__0010513.cif,amcsd 0010513
Stibnite__0010587.cif,amcsd 0010587
Stibnite__0010729.cif,amcsd 0010729
Stilleite__0011535.cif,amcsd 0011535
Stromeyerite__0009855.cif,amcsd 0009855
Stromeyerite__0009856.cif,amcsd 0009856
Stromeyerite__0009857.cif,amcsd 0009857
Sudovikovite__0011796.cif,amcsd 0011796
Sulphur__0010056.cif,amcsd 0010056
Sulphur__0010057.cif,amcsd 0010057
Sulphur__0011091.cif,amcsd 0011091
Sulphur__0011255.cif,amcsd 0011255
Sulphur__0011256.cif,amcsd 0011256
Sulphur__0012682.cif,amcsd 0012682
Sulvanite__0000146.cif,amcsd 0000146
Sulvanite__0017516.cif,amcsd 0017516
Sulvanite__0018085.cif,amcsd 0018085
Suredaite__0002474.cif,amcsd 0002474
Svetlanaite__0021060.cif,amcsd 0021060
Sylvanite__0000029.cif,amcsd 0000029
Talnakhite__0000272.cif,amcsd 0000272
Tarutinoite__0021769.cif,amcsd 0021769
Tarutinoite__original__0021769.cif,
Tazieffite__0004974.cif,amcsd 0004974
Teallite__0014721.cif,amcsd 0014721
Teallite__0014722.cif,amcsd 0014722
Tellurantimony__0009506.cif,amcsd 0009506
Tellurium__0011258.cif,amcsd 0011258
Tellurium__0017993.cif,amcsd 0017993
Tellurium__0020696.cif,amcsd 0020696
Tellurobismuthite__0012645.cif,amcsd 0012645
Tellurobismuthite__0013192.cif,amcsd 0013192
Tellurobismuthite__0014367.cif,amcsd 0014367
Tellurobismuthite__0014688.cif,amcsd 0014688
Telluronevskite__0006856.cif,amcsd 0006856
Telluropalladinite__0014141.cif,amcsd 0014141
Tennantite-(Ni)__0021480.cif,amcsd 0021480
Terrywallaceite__0019975.cif,amcsd 0019975
Testibiopalladite__0014015.cif,amcsd 0014015
Tetradymite__0000474.cif,amcsd 0000474
Tetradymite__0010544.cif,amcsd 0010544
Tetradymite__0014689.cif,amcsd 0014689
Tetradymite__0018035.cif,amcsd 0018035
Tetrahedrite-(Cu)__0014608.cif,amcsd 0014608
Tetrahedrite-(Hg)__0003193.cif,amcsd 0003193
Tetrahedrite-(Hg)__0003194.cif,amcsd 0003194
Tetrahedrite-(Hg)__0003195.cif,amcsd 0003195
Tetrahedrite-(Hg)__0003196.cif,amcsd 0003196
Tetrahedrite-(Ni)__0021479.cif,amcsd 0021479
Tetrahedrite-(Zn)__0014607.cif,amcsd 0014607
Tiemannite__0000050.cif,amcsd 0000050
Tiemannite__0011527.cif,amcsd 0011527
Tiemannite__0018070.cif,amcsd 0018070
Tolovkite__0001275.cif,amcsd 0001275
Trechmannite__0010682.cif,amcsd 0010682
Trogtalite__0011915.cif,amcsd 0011915
Troilite__0004158.cif,amcsd 0004158
Troilite__0004159.cif,amcsd 0004159
Troilite__0004160.cif,amcsd 0004160
Troilite__0009769.cif,amcsd 0009769
Troilite__0009770.cif,amcsd 0009770
Troilite__0009771.cif,amcsd 0009771
Troilite__0018055.cif,amcsd 0018055
Tsumoite__0000691.cif,amcsd 0000691
Tsumoite__0009660.cif,amcsd 0009660
Tungstenite__0011824.cif,amcsd 0011824
Tungstenite__0013601.cif,amcsd 0013601
Tungstenite__0013602.cif,amcsd 0013602
Tvalchrelidzeite__0006159.cif,amcsd 0006159
Twinnite__0019818.cif,amcsd 0019818
Tyrrellite__0010334.cif,amcsd 0010334
Uchucchacuaite__0018371.cif,amcsd 0018371
Uchucchacuaite__0018372.cif,amcsd 0018372
Ullmannite__0000576.cif,amcsd 0000576
Ullmannite__0000577.cif,amcsd 0000577
Ullmannite__0000774.cif,amcsd 0000774
Ullmannite__0014009.cif,amcsd 0014009
Ullmannite__0018100.cif,amcsd 0018100
Umangite__0009926.cif,amcsd 0009926
Umangite__0012164.cif,amcsd 0012164
Uytenbogaardtite__0012143.cif,amcsd 0012143
Uzonite__0005921.cif,amcsd 0005921
Uzonite__0012425.cif,amcsd 0012425
Vadlazarenkovite__original__0021779.cif,
Vaesite__0009853.cif,amcsd 0009853
Vaesite__0010989.cif,amcsd 0010989
Vaesite__0010990.cif,amcsd 0010990
Vaesite__0011917.cif,amcsd 0011917
Velikite__0015574.cif,amcsd 0015574
Vihorlatite__0007218.cif,amcsd 0007218
Vikingite__0014865.cif,amcsd 0014865
Violarite__0001000.cif,amcsd 0001000
Violarite__0004230.cif,amcsd 0004230
Violarite__0004231.cif,amcsd 0004231
Violarite__0004232.cif,amcsd 0004232
Violarite__0004233.cif,amcsd 0004233
Violarite__0004234.cif,amcsd 0004234
Violarite__0004235.cif,amcsd 0004235
Violarite__0004236.cif,amcsd 0004236
Violarite__0004237.cif,amcsd 0004237
Volynskite__0001346.cif,amcsd 0001346
Vrbaite__0010725.cif,amcsd 0010725
Vulcanite__0015547.cif,amcsd 0015547
Vurroite__0004570.cif,amcsd 0004570
Vysotskite__0010019.cif,amcsd 0010019
Vysotskite__0010567.cif,amcsd 0010567
Wakabayashilite__0003797.cif,amcsd 0003797
Wakabayashilite__0020479.cif,amcsd 0020479
Wakabayashilite__0020480.cif,amcsd 0020480
Wallisite__0010669.cif,amcsd 0010669
Wallisite__0018394.cif,amcsd 0018394
Wassonite__0018877.cif,amcsd 0018877
Weibullite__0005173.cif,amcsd 0005173
Weissbergite__0009980.cif,amcsd 0009980
Weissite__0015565.cif,amcsd 0015565
Weissite__0020112.cif,amcsd 0020112
Wilkmanite__0014699.cif,amcsd 0014699
Wilkmanite__0014700.cif,amcsd 0014700
Wittichenite__0009490.cif,amcsd 0009490
Wurtzite__0010493.cif,amcsd 0010493
Wurtzite__0015179.cif,amcsd 0015179
Wuyanzhiite__0021058.cif,amcsd 0021058
Xanthoconite__0009336.cif,amcsd 0009336
Xanthoconite__0014651.cif,amcsd 0014651
Xilingolite__0005755.cif,amcsd 0005755
Zavyalovite__0021554.cif,amcsd 0021554
Zhonghongite__0021567.cif,amcsd 0021567
Zhonghongite__original__0021567.cif,
Zinkenite__0010769.cif,amcsd 0010769
Zinkenite__0012064.cif,amcsd 0012064
Znamenskyite__0020219.cif,amcsd 0020219
